1, 2019/11/22, 14:31:39, 1, 1
2, 2018/08/05, 11:13:50, 2, 2
3, 2000/01/07, 15:15:2, 3, 3
4, 2006/09/29, 17:46:53, 4, 4
5, 2005/05/10, 0:10:41, 5, 5
6, 2019/07/21, 10:51:14, 6, 6
7, 2001/11/19, 17:40:46, 7, 7
8, 2004/05/09, 15:7:34, 8, 8
9, 2017/04/29, 9:38:36, 9, 9
10, 2008/09/07, 16:7:34, 10, 10
11, 2008/12/16, 0:23:24, 11, 11
12, 2008/03/27, 5:34:60, 12, 12
13, 2009/11/02, 14:44:21, 13, 13
14, 2002/01/27, 10:5:1, 14, 14
15, 2006/03/05, 0:38:49, 15, 15
16, 2003/10/12, 23:34:60, 16, 16
17, 2007/02/05, 9:43:35, 17, 17
18, 2008/11/15, 1:2:17, 18, 18
19, 2007/03/11, 13:30:39, 19, 19
20, 2011/01/22, 20:33:5, 20, 20
21, 2013/05/08, 17:38:32, 21, 21
22, 2012/12/05, 4:25:1, 22, 22
23, 2000/05/10, 15:36:3, 23, 23
24, 2008/06/07, 0:6:57, 24, 24
25, 2011/04/25, 11:43:42, 25, 25
26, 2012/12/30, 3:32:35, 26, 26
27, 2003/12/22, 8:38:31, 27, 27
28, 2011/04/07, 16:58:14, 28, 28
29, 2017/04/14, 4:53:7, 29, 29
30, 2015/10/11, 11:58:19, 30, 30
31, 2017/04/05, 15:48:53, 31, 31
32, 2014/04/22, 5:42:49, 32, 32
33, 2015/05/30, 19:0:43, 33, 33
34, 2009/09/24, 17:9:40, 34, 34
35, 2011/11/15, 3:48:48, 35, 35
36, 2018/09/15, 20:43:58, 36, 36
37, 2011/11/15, 21:43:33, 37, 37
38, 2007/03/17, 0:50:16, 38, 38
39, 2016/05/18, 19:50:8, 39, 39
40, 2009/02/09, 7:60:10, 40, 40
41, 2002/08/18, 10:10:35, 41, 41
42, 2009/07/19, 10:53:31, 42, 42
43, 2004/12/24, 11:40:17, 43, 43
44, 2011/01/10, 18:30:49, 44, 44
45, 2002/11/02, 5:20:0, 45, 45
46, 2019/01/15, 5:32:38, 46, 46
47, 2015/07/22, 11:13:35, 47, 47
48, 2014/09/14, 24:1:25, 48, 48
49, 2007/09/11, 10:22:7, 49, 49
50, 2005/01/09, 20:30:45, 50, 50
51, 2001/04/29, 9:58:55, 51, 51
52, 2012/09/15, 8:46:47, 52, 52
53, 2002/03/31, 0:56:40, 53, 53
54, 2000/10/03, 0:10:49, 54, 54
55, 2011/08/07, 21:42:15, 55, 55
56, 2012/04/18, 3:7:27, 56, 56
57, 2004/01/04, 24:27:45, 57, 57
58, 2009/09/19, 23:8:21, 58, 58
59, 2019/09/14, 8:9:29, 59, 59
60, 2007/06/14, 4:40:23, 60, 60
61, 2006/06/02, 9:26:45, 61, 61
62, 2017/11/13, 11:56:37, 62, 62
63, 2014/11/09, 10:50:18, 63, 63
64, 2014/07/04, 12:6:37, 64, 64
65, 2002/07/25, 11:3:8, 65, 65
66, 2005/02/09, 24:32:58, 66, 66
67, 2007/11/04, 20:0:42, 67, 67
68, 2010/08/02, 7:57:23, 68, 68
69, 2015/03/10, 9:49:36, 69, 69
70, 2017/10/27, 12:57:18, 70, 70
71, 2000/11/04, 23:50:4, 71, 71
72, 2019/05/31, 15:50:24, 72, 72
73, 2013/11/09, 2:51:1, 73, 73
74, 2016/05/03, 17:10:35, 74, 74
75, 2013/11/07, 0:50:26, 75, 75
76, 2006/04/29, 11:28:8, 76, 76
77, 2005/08/28, 11:11:6, 77, 77
78, 2018/01/31, 13:57:26, 78, 78
79, 2001/08/20, 17:38:26, 79, 79
80, 2019/11/07, 23:53:45, 80, 80
81, 2003/05/21, 24:13:20, 81, 81
82, 2002/07/22, 19:55:3, 82, 82
83, 2008/08/14, 2:52:4, 83, 83
84, 2004/10/07, 14:0:1, 84, 84
85, 2014/08/30, 21:17:36, 85, 85
86, 2014/07/07, 4:50:31, 86, 86
87, 2009/06/02, 16:33:45, 87, 87
88, 2009/05/19, 23:56:23, 88, 88
89, 2007/06/03, 8:32:32, 89, 89
90, 2004/08/12, 14:57:18, 90, 90
91, 2014/10/19, 23:2:48, 91, 91
92, 2002/02/21, 1:38:31, 92, 92
93, 2013/04/16, 11:36:16, 93, 93
94, 2013/02/10, 0:51:42, 94, 94
95, 2008/01/29, 12:26:38, 95, 95
96, 2000/09/28, 24:42:6, 96, 96
97, 2013/07/08, 16:59:6, 97, 97
98, 2008/02/28, 17:26:29, 98, 98
99, 2018/05/31, 7:32:11, 99, 99
100, 2011/01/17, 0:34:17, 100, 100
101, 2003/11/13, 8:23:21, 31, 101
102, 2009/02/28, 2:24:27, 30, 102
103, 2006/03/25, 4:20:28, 54, 103
104, 2005/08/14, 22:8:42, 48, 104
105, 2001/11/04, 17:2:28, 12, 105
106, 2013/05/14, 7:40:0, 89, 106
107, 2014/11/22, 22:24:19, 19, 107
108, 2006/01/24, 22:25:41, 83, 108
109, 2001/10/28, 4:43:26, 60, 109
110, 2008/08/17, 9:18:18, 37, 110
111, 2002/03/11, 9:51:35, 69, 111
112, 2002/02/24, 18:35:10, 65, 112
113, 2009/01/12, 19:8:34, 89, 113
114, 2009/04/09, 4:31:23, 60, 114
115, 2018/10/25, 24:50:19, 19, 115
116, 2004/02/24, 17:10:50, 74, 116
117, 2013/03/25, 15:5:5, 89, 117
118, 2002/08/26, 15:54:49, 88, 118
119, 2007/01/25, 21:23:44, 34, 119
120, 2003/11/10, 2:28:42, 23, 120
121, 2005/01/06, 15:8:42, 87, 121
122, 2014/01/25, 24:37:56, 17, 122
123, 2014/07/24, 7:20:36, 32, 123
124, 2019/12/25, 5:25:43, 74, 124
125, 2002/03/10, 16:6:48, 21, 125
126, 2004/09/25, 12:4:53, 100, 126
127, 2014/02/21, 19:41:43, 74, 127
128, 2018/01/08, 21:29:53, 16, 128
129, 2012/11/30, 9:7:52, 35, 129
130, 2008/09/19, 21:2:49, 57, 130
131, 2004/11/26, 22:51:9, 4, 131
132, 2012/04/07, 10:57:35, 48, 132
133, 2001/04/19, 1:23:52, 96, 133
134, 2013/10/08, 23:47:8, 54, 134
135, 2002/08/22, 9:31:54, 83, 135
136, 2014/10/15, 8:28:34, 31, 136
137, 2008/09/18, 3:12:55, 78, 137
138, 2014/09/07, 20:38:18, 4, 138
139, 2016/08/14, 3:26:32, 95, 139
140, 2000/09/30, 23:9:28, 22, 140
141, 2016/02/09, 16:6:1, 58, 141
142, 2005/08/10, 2:47:54, 67, 142
143, 2008/03/04, 17:15:41, 44, 143
144, 2015/12/26, 7:41:35, 11, 144
145, 2013/08/20, 22:60:12, 27, 145
146, 2003/09/20, 10:4:32, 52, 146
147, 2007/01/18, 7:47:46, 69, 147
148, 2005/02/05, 23:16:26, 61, 148
149, 2007/09/03, 8:13:3, 82, 149
150, 2016/04/14, 20:23:29, 51, 150
151, 2014/02/28, 15:27:21, 29, 151
152, 2010/02/02, 8:39:47, 78, 152
153, 2012/08/03, 12:57:57, 29, 153
154, 2000/09/10, 7:11:15, 62, 154
155, 2013/03/15, 13:42:26, 29, 155
156, 2007/05/23, 24:24:19, 1, 156
157, 2018/08/23, 4:50:48, 98, 157
158, 2010/02/01, 15:45:29, 76, 158
159, 2009/10/05, 20:38:16, 35, 159
160, 2015/11/18, 13:29:22, 87, 160
161, 2000/08/10, 23:37:13, 36, 161
162, 2009/04/18, 1:37:55, 20, 162
163, 2006/03/01, 21:34:33, 100, 163
164, 2006/10/26, 16:46:5, 39, 164
165, 2016/08/11, 21:9:10, 77, 165
166, 2001/07/18, 12:28:28, 63, 166
167, 2011/01/10, 15:14:27, 95, 167
168, 2008/08/21, 11:38:43, 27, 168
169, 2002/11/11, 6:4:17, 78, 169
170, 2001/06/07, 21:51:56, 99, 170
171, 2013/01/08, 6:13:22, 66, 171
172, 2001/08/20, 17:60:18, 7, 172
173, 2013/05/17, 4:39:17, 28, 173
174, 2014/11/26, 17:40:30, 26, 174
175, 2016/10/24, 9:19:50, 15, 175
176, 2000/08/22, 11:6:9, 77, 176
177, 2012/05/08, 0:60:3, 78, 177
178, 2019/03/28, 7:27:5, 22, 178
179, 2000/11/10, 24:3:38, 100, 179
180, 2001/07/24, 12:42:60, 88, 180
181, 2010/02/03, 7:57:54, 25, 181
182, 2010/03/01, 17:4:35, 87, 182
183, 2001/10/17, 10:58:2, 60, 183
184, 2012/11/03, 2:32:48, 66, 184
185, 2019/06/12, 11:42:35, 98, 185
186, 2012/06/03, 7:26:46, 53, 186
187, 2009/04/05, 19:12:8, 94, 187
188, 2013/05/11, 4:24:21, 48, 188
189, 2015/07/11, 19:13:10, 91, 189
190, 2016/01/10, 14:15:53, 50, 190
191, 2000/11/01, 2:40:58, 52, 191
192, 2000/07/01, 8:58:39, 70, 192
193, 2007/06/07, 24:33:29, 77, 193
194, 2012/03/17, 4:0:34, 86, 194
195, 2016/02/02, 18:42:42, 84, 195
196, 2012/05/26, 0:51:40, 4, 196
197, 2000/05/13, 3:22:24, 13, 197
198, 2014/02/08, 7:1:29, 60, 198
199, 2001/01/05, 17:57:34, 93, 199
200, 2001/06/19, 0:6:2, 62, 200
201, 2008/06/04, 9:50:57, 23, 201
202, 2006/05/21, 1:38:34, 13, 202
203, 2013/07/16, 22:43:6, 80, 203
204, 2016/02/06, 12:44:21, 63, 204
205, 2002/12/30, 7:39:5, 89, 205
206, 2003/10/31, 16:14:51, 57, 206
207, 2016/09/01, 20:40:40, 29, 207
208, 2019/11/03, 21:14:23, 54, 208
209, 2008/07/01, 14:51:41, 21, 209
210, 2005/05/03, 5:31:21, 63, 210
211, 2010/02/14, 11:6:39, 33, 211
212, 2008/12/16, 13:3:59, 8, 212
213, 2005/01/08, 15:22:39, 56, 213
214, 2004/10/26, 3:52:26, 19, 214
215, 2019/04/21, 23:51:0, 95, 215
216, 2010/06/28, 14:39:17, 7, 216
217, 2005/03/24, 0:21:34, 56, 217
218, 2016/09/07, 19:20:17, 37, 218
219, 2016/12/19, 19:6:52, 64, 219
220, 2015/05/17, 20:55:43, 35, 220
221, 2017/08/02, 2:29:20, 80, 221
222, 2015/04/11, 9:21:12, 94, 222
223, 2005/11/01, 6:3:30, 10, 223
224, 2010/11/25, 21:26:1, 25, 224
225, 2001/08/19, 24:13:14, 80, 225
226, 2005/04/10, 8:59:39, 56, 226
227, 2012/05/14, 17:1:27, 15, 227
228, 2008/09/09, 15:51:58, 96, 228
229, 2009/09/12, 6:51:23, 44, 229
230, 2007/05/30, 2:55:11, 98, 230
231, 2008/06/27, 6:59:35, 70, 231
232, 2015/03/24, 22:6:58, 76, 232
233, 2010/05/13, 19:38:40, 35, 233
234, 2013/04/17, 4:16:37, 27, 234
235, 2003/10/27, 11:14:40, 38, 235
236, 2001/08/16, 20:27:47, 81, 236
237, 2008/10/10, 11:2:53, 63, 237
238, 2018/02/26, 22:40:4, 53, 238
239, 2014/11/03, 3:9:5, 42, 239
240, 2006/05/19, 14:20:3, 7, 240
241, 2014/03/12, 22:24:35, 40, 241
242, 2010/02/13, 8:47:44, 26, 242
243, 2002/08/04, 13:60:28, 55, 243
244, 2013/04/22, 15:34:42, 95, 244
245, 2012/11/17, 0:51:4, 81, 245
246, 2018/05/26, 18:9:0, 61, 246
247, 2004/08/02, 0:44:18, 11, 247
248, 2009/06/03, 11:36:39, 13, 248
249, 2008/11/05, 7:13:18, 38, 249
250, 2005/09/17, 3:33:0, 61, 250
251, 2009/09/01, 5:16:18, 58, 251
252, 2004/01/15, 18:57:40, 72, 252
253, 2009/10/10, 24:38:52, 83, 253
254, 2011/11/27, 5:58:22, 19, 254
255, 2005/09/23, 4:38:0, 73, 255
256, 2013/01/13, 17:14:22, 94, 256
257, 2018/01/14, 19:20:26, 29, 257
258, 2003/02/22, 23:28:0, 61, 258
259, 2011/05/24, 20:39:3, 89, 259
260, 2003/01/26, 11:12:57, 68, 260
261, 2003/09/02, 20:19:26, 45, 261
262, 2004/10/18, 4:45:22, 48, 262
263, 2004/08/10, 8:53:55, 83, 263
264, 2013/09/18, 4:28:1, 45, 264
265, 2001/04/10, 21:2:47, 19, 265
266, 2000/02/02, 15:16:49, 18, 266
267, 2011/04/18, 9:38:37, 5, 267
268, 2012/06/15, 24:57:35, 24, 268
269, 2005/06/25, 9:24:15, 57, 269
270, 2000/12/08, 14:7:47, 93, 270
271, 2011/08/31, 14:4:56, 8, 271
272, 2019/01/11, 9:56:59, 88, 272
273, 2011/12/25, 20:55:6, 3, 273
274, 2012/07/13, 2:12:6, 11, 274
275, 2006/04/01, 19:32:14, 86, 275
276, 2008/12/31, 17:48:54, 84, 276
277, 2009/11/07, 23:35:24, 82, 277
278, 2016/07/07, 17:23:24, 93, 278
279, 2001/06/19, 9:1:0, 36, 279
280, 2014/10/23, 19:7:57, 45, 280
281, 2002/04/21, 12:60:2, 22, 281
282, 2009/01/25, 5:16:45, 7, 282
283, 2008/03/14, 23:30:34, 80, 283
284, 2003/10/14, 16:54:60, 10, 284
285, 2007/08/16, 6:15:41, 94, 285
286, 2017/11/19, 19:27:17, 28, 286
287, 2009/10/02, 15:20:50, 82, 287
288, 2004/06/01, 21:29:0, 34, 288
289, 2014/04/19, 17:5:50, 25, 289
290, 2007/04/21, 18:26:35, 45, 290
291, 2006/02/17, 10:11:6, 44, 291
292, 2006/12/15, 15:11:21, 70, 292
293, 2018/03/17, 6:24:37, 50, 293
294, 2010/07/25, 7:11:37, 67, 294
295, 2012/02/20, 14:47:60, 47, 295
296, 2011/03/25, 4:19:53, 66, 296
297, 2013/07/26, 7:39:34, 75, 297
298, 2013/07/26, 15:36:8, 72, 298
299, 2006/04/12, 16:39:28, 22, 299
300, 2018/12/31, 1:59:47, 89, 300
301, 2011/07/28, 2:48:47, 24, 301
302, 2000/10/10, 3:3:36, 58, 302
303, 2006/08/22, 6:24:12, 62, 303
304, 2018/10/11, 6:39:7, 26, 304
305, 2001/10/13, 10:41:20, 87, 305
306, 2004/03/14, 20:20:37, 18, 306
307, 2004/08/09, 8:30:21, 89, 307
308, 2015/01/24, 15:1:19, 67, 308
309, 2014/07/03, 4:43:22, 47, 309
310, 2018/08/12, 3:24:21, 74, 310
311, 2006/12/21, 21:60:58, 35, 311
312, 2005/07/02, 8:4:54, 15, 312
313, 2003/02/24, 22:19:27, 14, 313
314, 2015/04/13, 15:5:30, 26, 314
315, 2001/01/02, 10:2:4, 66, 315
316, 2009/10/03, 0:17:11, 5, 316
317, 2003/02/02, 0:39:0, 43, 317
318, 2015/03/16, 10:58:14, 20, 318
319, 2010/11/22, 12:13:43, 36, 319
320, 2018/02/04, 6:12:10, 99, 320
321, 2005/01/18, 17:10:22, 62, 321
322, 2008/12/22, 5:22:32, 41, 322
323, 2019/09/18, 4:1:9, 6, 323
324, 2007/12/28, 24:47:4, 12, 324
325, 2017/06/02, 22:31:20, 65, 325
326, 2016/12/14, 4:46:4, 46, 326
327, 2002/06/08, 24:9:11, 67, 327
328, 2010/09/10, 14:17:21, 21, 328
329, 2013/09/01, 19:18:29, 78, 329
330, 2019/07/11, 15:50:12, 14, 330
331, 2000/09/18, 23:60:32, 24, 331
332, 2014/01/14, 2:28:32, 20, 332
333, 2008/06/28, 24:21:7, 14, 333
334, 2015/03/06, 1:36:4, 17, 334
335, 2009/08/23, 6:36:60, 45, 335
336, 2019/07/25, 4:0:7, 32, 336
337, 2017/06/18, 13:39:21, 49, 337
338, 2019/05/07, 4:22:49, 87, 338
339, 2005/01/10, 12:56:41, 68, 339
340, 2014/06/29, 12:4:0, 6, 340
341, 2017/03/09, 23:46:54, 64, 341
342, 2015/12/25, 22:34:43, 8, 342
343, 2006/05/01, 12:19:4, 99, 343
344, 2004/07/19, 12:6:42, 39, 344
345, 2011/12/13, 8:46:12, 94, 345
346, 2001/12/31, 22:30:40, 78, 346
347, 2019/01/07, 12:42:42, 24, 347
348, 2017/07/02, 5:13:14, 59, 348
349, 2012/10/06, 15:28:51, 62, 349
350, 2017/12/21, 17:38:58, 49, 350
351, 2019/07/17, 20:41:13, 66, 351
352, 2002/02/27, 0:47:47, 47, 352
353, 2013/01/19, 4:42:60, 70, 353
354, 2012/07/24, 13:23:37, 51, 354
355, 2009/01/16, 11:53:28, 57, 355
356, 2006/10/08, 13:13:39, 62, 356
357, 2019/04/10, 6:15:10, 37, 357
358, 2017/04/22, 11:33:48, 8, 358
359, 2004/03/26, 24:55:18, 42, 359
360, 2018/11/10, 10:15:58, 57, 360
361, 2019/05/01, 9:23:42, 46, 361
362, 2000/07/21, 11:3:29, 27, 362
363, 2018/07/30, 21:36:3, 83, 363
364, 2003/09/08, 1:38:20, 16, 364
365, 2001/08/08, 1:41:56, 62, 365
366, 2005/05/28, 14:15:10, 21, 366
367, 2017/12/18, 22:8:2, 27, 367
368, 2012/04/18, 19:28:40, 10, 368
369, 2007/12/07, 13:15:38, 79, 369
370, 2011/03/11, 17:34:47, 14, 370
371, 2014/09/18, 7:12:57, 6, 371
372, 2010/09/25, 0:38:8, 1, 372
373, 2012/12/31, 18:5:41, 42, 373
374, 2016/06/13, 17:30:51, 10, 374
375, 2011/06/20, 14:55:21, 68, 375
376, 2004/04/16, 4:1:47, 26, 376
377, 2001/12/27, 18:26:1, 1, 377
378, 2004/04/02, 24:1:6, 85, 378
379, 2015/08/10, 1:52:53, 95, 379
380, 2005/04/04, 19:16:41, 27, 380
381, 2013/07/11, 7:4:12, 30, 381
382, 2003/12/28, 14:49:26, 51, 382
383, 2001/03/06, 23:13:0, 10, 383
384, 2004/03/03, 13:9:21, 6, 384
385, 2002/11/27, 23:31:40, 93, 385
386, 2014/08/19, 5:2:29, 88, 386
387, 2009/07/07, 1:14:41, 60, 387
388, 2019/10/12, 12:59:45, 35, 388
389, 2011/02/24, 6:12:36, 45, 389
390, 2006/10/03, 20:16:30, 74, 390
391, 2001/12/01, 17:16:30, 18, 391
392, 2006/04/05, 12:10:54, 43, 392
393, 2009/08/17, 2:43:21, 39, 393
394, 2008/08/16, 4:39:44, 11, 394
395, 2004/11/12, 14:33:36, 60, 395
396, 2008/05/07, 5:3:29, 47, 396
397, 2005/02/11, 7:10:36, 3, 397
398, 2010/11/07, 4:57:38, 52, 398
399, 2014/06/14, 2:32:30, 93, 399
400, 2003/09/02, 20:13:14, 20, 400
401, 2003/05/26, 1:46:55, 38, 401
402, 2002/06/23, 9:56:59, 12, 402
403, 2017/10/18, 6:30:49, 96, 403
404, 2018/05/12, 17:47:46, 26, 404
405, 2000/01/26, 11:4:23, 94, 405
406, 2015/05/25, 7:43:53, 15, 406
407, 2012/07/06, 1:3:24, 80, 407
408, 2001/11/03, 21:24:45, 10, 408
409, 2006/08/17, 9:38:5, 17, 409
410, 2008/12/02, 5:6:16, 12, 410
411, 2014/07/26, 15:52:47, 60, 411
412, 2008/02/25, 10:4:17, 46, 412
413, 2007/07/01, 12:5:53, 76, 413
414, 2017/02/27, 20:50:48, 93, 414
415, 2002/05/05, 6:29:8, 79, 415
416, 2019/12/03, 2:26:20, 31, 416
417, 2018/09/07, 14:14:46, 53, 417
418, 2011/04/28, 10:54:60, 89, 418
419, 2006/06/09, 17:46:30, 66, 419
420, 2007/06/02, 12:60:20, 12, 420
421, 2014/03/11, 16:10:18, 91, 421
422, 2010/10/06, 11:36:41, 72, 422
423, 2012/04/03, 11:42:7, 79, 423
424, 2014/10/09, 21:18:1, 22, 424
425, 2016/10/26, 9:22:40, 17, 425
426, 2014/09/26, 19:14:32, 58, 426
427, 2019/04/19, 2:54:30, 29, 427
428, 2000/11/11, 12:12:47, 10, 428
429, 2015/07/19, 1:49:8, 95, 429
430, 2002/06/01, 14:22:2, 96, 430
431, 2001/12/19, 14:17:57, 24, 431
432, 2008/09/05, 3:7:22, 23, 432
433, 2004/04/02, 13:4:25, 70, 433
434, 2005/03/03, 3:26:58, 76, 434
435, 2015/06/30, 13:41:12, 67, 435
436, 2008/02/02, 11:37:8, 99, 436
437, 2017/09/24, 15:44:46, 52, 437
438, 2019/09/04, 0:29:16, 38, 438
439, 2013/09/05, 7:40:51, 49, 439
440, 2017/02/13, 4:53:37, 46, 440
441, 2000/11/05, 5:16:23, 71, 441
442, 2019/05/07, 23:34:18, 83, 442
443, 2001/12/09, 12:48:35, 53, 443
444, 2017/02/14, 7:46:44, 80, 444
445, 2012/01/26, 11:0:41, 25, 445
446, 2015/04/09, 22:32:55, 48, 446
447, 2015/10/21, 0:55:8, 64, 447
448, 2019/10/02, 19:18:45, 91, 448
449, 2015/11/26, 16:21:17, 73, 449
450, 2005/02/20, 3:32:27, 57, 450
451, 2001/12/22, 5:27:43, 25, 451
452, 2011/01/31, 15:12:41, 98, 452
453, 2002/11/20, 16:32:55, 100, 453
454, 2007/03/13, 22:45:46, 78, 454
455, 2000/08/31, 21:31:44, 88, 455
456, 2006/04/01, 2:55:7, 53, 456
457, 2002/12/15, 1:5:31, 79, 457
458, 2011/08/14, 23:54:49, 21, 458
459, 2005/06/22, 24:43:15, 41, 459
460, 2008/01/08, 13:60:6, 90, 460
461, 2013/08/09, 14:34:51, 18, 461
462, 2006/09/28, 12:11:0, 23, 462
463, 2007/01/24, 13:11:46, 4, 463
464, 2009/12/25, 11:13:5, 66, 464
465, 2003/03/22, 14:37:51, 47, 465
466, 2018/09/24, 4:53:30, 39, 466
467, 2019/12/27, 16:37:41, 4, 467
468, 2016/08/24, 24:25:19, 26, 468
469, 2010/01/02, 17:16:51, 12, 469
470, 2003/04/18, 21:13:59, 74, 470
471, 2010/06/20, 10:47:44, 91, 471
472, 2003/07/07, 18:10:4, 93, 472
473, 2011/02/28, 14:41:50, 67, 473
474, 2000/12/11, 16:48:60, 60, 474
475, 2003/03/31, 19:12:7, 34, 475
476, 2007/08/02, 24:6:11, 47, 476
477, 2014/05/22, 21:34:23, 95, 477
478, 2011/10/02, 21:46:57, 60, 478
479, 2017/03/22, 2:4:47, 43, 479
480, 2019/12/31, 8:42:6, 34, 480
481, 2014/06/15, 6:10:1, 99, 481
482, 2006/09/16, 4:30:14, 1, 482
483, 2006/06/07, 14:4:14, 44, 483
484, 2008/04/12, 8:50:14, 88, 484
485, 2008/06/10, 15:54:21, 9, 485
486, 2019/06/23, 15:22:51, 63, 486
487, 2002/08/24, 23:53:24, 22, 487
488, 2004/09/04, 0:38:55, 59, 488
489, 2010/09/29, 1:40:14, 80, 489
490, 2013/08/15, 14:1:37, 58, 490
491, 2009/05/30, 17:12:53, 48, 491
492, 2004/03/08, 6:4:55, 75, 492
493, 2008/08/08, 24:12:32, 40, 493
494, 2015/01/27, 12:28:57, 53, 494
495, 2002/11/10, 21:30:9, 1, 495
496, 2003/02/09, 4:29:15, 88, 496
497, 2010/06/02, 18:47:18, 75, 497
498, 2009/04/05, 9:16:25, 98, 498
499, 2016/01/17, 13:6:48, 48, 499
500, 2010/04/24, 0:9:37, 9, 500
501, 2010/10/08, 23:48:43, 2, 501
502, 2002/03/04, 13:15:31, 54, 502
503, 2013/02/02, 16:26:13, 54, 503
504, 2004/01/10, 21:32:13, 88, 504
505, 2004/10/20, 23:7:8, 53, 505
506, 2011/11/07, 9:24:41, 38, 506
507, 2015/04/18, 0:54:59, 100, 507
508, 2003/07/07, 13:4:13, 19, 508
509, 2008/10/31, 3:33:32, 78, 509
510, 2010/10/04, 18:60:6, 93, 510
511, 2009/03/06, 22:34:14, 51, 511
512, 2013/09/21, 18:13:26, 90, 512
513, 2010/05/12, 19:15:35, 20, 513
514, 2009/05/06, 18:37:40, 38, 514
515, 2004/01/27, 7:42:14, 51, 515
516, 2011/12/11, 16:46:35, 23, 516
517, 2019/01/31, 7:60:22, 79, 517
518, 2012/07/15, 21:48:31, 51, 518
519, 2010/03/14, 24:9:50, 78, 519
520, 2008/12/04, 19:15:37, 57, 520
521, 2018/02/28, 4:38:21, 74, 521
522, 2013/06/13, 16:42:16, 60, 522
523, 2014/07/27, 14:45:57, 50, 523
524, 2012/10/05, 15:2:12, 56, 524
525, 2002/12/28, 11:60:45, 77, 525
526, 2014/08/05, 6:21:54, 26, 526
527, 2004/12/05, 19:58:12, 83, 527
528, 2002/07/24, 20:51:30, 13, 528
529, 2018/03/16, 8:12:8, 95, 529
530, 2007/04/04, 1:54:46, 96, 530
531, 2009/11/19, 21:5:3, 80, 531
532, 2016/07/29, 8:20:56, 39, 532
533, 2006/03/14, 14:16:25, 91, 533
534, 2002/01/02, 3:6:17, 92, 534
535, 2013/05/03, 17:56:16, 86, 535
536, 2019/02/16, 10:29:36, 25, 536
537, 2014/09/28, 10:59:40, 26, 537
538, 2019/09/16, 14:29:30, 13, 538
539, 2016/04/13, 7:53:45, 78, 539
540, 2001/08/23, 12:15:33, 47, 540
541, 2011/11/22, 0:6:31, 47, 541
542, 2012/06/27, 18:48:32, 27, 542
543, 2004/07/28, 18:36:55, 65, 543
544, 2005/03/21, 3:23:50, 36, 544
545, 2012/06/27, 0:58:16, 46, 545
546, 2001/05/18, 18:42:46, 99, 546
547, 2005/10/18, 23:9:22, 65, 547
548, 2004/01/19, 9:52:55, 59, 548
549, 2013/12/07, 15:56:21, 100, 549
550, 2000/10/02, 20:6:31, 85, 550
551, 2009/07/11, 6:18:34, 43, 551
552, 2009/06/12, 15:15:33, 41, 552
553, 2007/10/25, 3:21:37, 34, 553
554, 2006/04/15, 15:12:5, 71, 554
555, 2006/09/01, 7:39:20, 17, 555
556, 2010/08/08, 17:40:13, 97, 556
557, 2016/06/14, 18:3:27, 90, 557
558, 2007/08/21, 21:45:32, 80, 558
559, 2014/05/15, 8:37:21, 13, 559
560, 2019/11/04, 23:2:21, 58, 560
561, 2014/12/16, 24:24:57, 63, 561
562, 2018/01/24, 18:17:18, 90, 562
563, 2008/09/13, 17:2:51, 90, 563
564, 2015/12/01, 3:29:47, 83, 564
565, 2003/02/13, 21:60:6, 69, 565
566, 2013/12/03, 0:48:19, 91, 566
567, 2014/10/23, 14:3:19, 70, 567
568, 2016/07/18, 1:59:33, 45, 568
569, 2011/04/10, 5:28:48, 11, 569
570, 2012/02/01, 7:51:21, 59, 570
571, 2003/05/21, 8:31:10, 91, 571
572, 2016/09/28, 17:35:53, 15, 572
573, 2006/10/14, 7:60:48, 8, 573
574, 2017/07/30, 22:44:22, 85, 574
575, 2017/06/11, 19:34:5, 65, 575
576, 2006/02/10, 11:50:24, 75, 576
577, 2004/12/24, 21:12:27, 90, 577
578, 2018/10/01, 19:0:20, 55, 578
579, 2009/02/19, 1:0:26, 43, 579
580, 2004/03/24, 10:1:56, 84, 580
581, 2007/08/16, 1:23:54, 33, 581
582, 2012/07/12, 7:7:39, 50, 582
583, 2015/06/27, 23:34:46, 81, 583
584, 2018/09/25, 3:41:50, 11, 584
585, 2013/04/22, 3:0:30, 63, 585
586, 2001/11/28, 24:20:22, 48, 586
587, 2003/12/13, 2:50:24, 33, 587
588, 2006/09/28, 24:44:20, 2, 588
589, 2000/02/17, 17:34:38, 92, 589
590, 2008/05/22, 12:6:37, 59, 590
591, 2001/08/22, 24:14:19, 43, 591
592, 2009/08/16, 14:41:26, 8, 592
593, 2013/09/23, 2:49:60, 44, 593
594, 2016/04/28, 1:4:42, 19, 594
595, 2011/08/24, 3:49:12, 53, 595
596, 2014/04/13, 11:11:15, 52, 596
597, 2018/11/18, 18:32:2, 71, 597
598, 2019/03/05, 7:20:16, 88, 598
599, 2007/06/01, 20:11:28, 22, 599
600, 2001/09/08, 9:25:33, 98, 600
601, 2007/04/20, 0:28:57, 56, 601
602, 2009/07/24, 16:21:51, 92, 602
603, 2014/01/07, 18:42:38, 71, 603
604, 2018/11/23, 17:16:22, 38, 604
605, 2017/06/17, 24:54:4, 91, 605
606, 2003/01/16, 10:32:28, 33, 606
607, 2011/02/28, 1:18:15, 25, 607
608, 2001/09/12, 16:29:37, 72, 608
609, 2003/01/11, 8:4:42, 43, 609
610, 2019/11/07, 2:25:14, 71, 610
611, 2013/08/17, 18:25:57, 90, 611
612, 2010/08/24, 24:47:6, 30, 612
613, 2014/07/05, 11:56:14, 71, 613
614, 2017/05/14, 8:3:2, 2, 614
615, 2019/02/25, 8:33:51, 71, 615
616, 2007/08/24, 2:1:2, 22, 616
617, 2000/11/06, 12:57:46, 95, 617
618, 2011/03/04, 2:15:37, 96, 618
619, 2014/09/13, 1:9:7, 42, 619
620, 2016/05/18, 10:57:13, 100, 620
621, 2000/09/11, 17:23:13, 88, 621
622, 2008/08/26, 0:23:0, 57, 622
623, 2000/08/22, 8:5:29, 67, 623
624, 2011/04/08, 17:19:47, 3, 624
625, 2008/07/09, 3:50:49, 36, 625
626, 2008/03/25, 13:44:8, 26, 626
627, 2016/04/18, 12:26:56, 3, 627
628, 2016/07/22, 8:46:4, 71, 628
629, 2006/09/25, 0:18:49, 55, 629
630, 2006/02/10, 17:42:2, 88, 630
631, 2009/10/15, 18:31:18, 75, 631
632, 2004/09/14, 14:30:38, 34, 632
633, 2017/08/01, 24:22:0, 17, 633
634, 2016/05/03, 5:17:6, 4, 634
635, 2014/11/22, 5:17:24, 24, 635
636, 2009/11/02, 0:28:52, 25, 636
637, 2007/08/04, 2:31:4, 10, 637
638, 2010/04/24, 20:42:2, 70, 638
639, 2011/09/26, 18:58:20, 87, 639
640, 2002/09/10, 1:23:12, 29, 640
641, 2015/02/21, 22:10:37, 70, 641
642, 2008/04/24, 7:53:24, 41, 642
643, 2010/07/25, 2:12:44, 89, 643
644, 2006/06/03, 19:30:2, 7, 644
645, 2009/10/30, 12:57:51, 53, 645
646, 2018/10/01, 5:28:54, 55, 646
647, 2013/07/28, 10:7:18, 7, 647
648, 2004/03/13, 1:56:45, 14, 648
649, 2003/10/06, 18:50:47, 27, 649
650, 2001/12/25, 3:53:34, 15, 650
651, 2019/11/26, 18:8:3, 26, 651
652, 2008/08/07, 9:37:12, 17, 652
653, 2012/03/10, 24:28:52, 74, 653
654, 2019/12/25, 6:27:54, 7, 654
655, 2003/01/30, 23:0:59, 30, 655
656, 2012/12/21, 1:49:29, 17, 656
657, 2001/01/22, 19:31:32, 60, 657
658, 2006/01/08, 9:32:2, 61, 658
659, 2002/11/17, 21:50:20, 56, 659
660, 2018/09/09, 19:59:56, 15, 660
661, 2013/07/23, 8:5:46, 56, 661
662, 2014/09/07, 24:3:30, 82, 662
663, 2000/08/08, 10:28:54, 2, 663
664, 2014/10/08, 4:54:46, 16, 664
665, 2013/09/02, 1:0:43, 56, 665
666, 2019/09/02, 19:33:20, 7, 666
667, 2015/06/04, 4:51:33, 5, 667
668, 2001/07/28, 4:25:42, 76, 668
669, 2007/02/16, 2:7:36, 14, 669
670, 2004/02/18, 9:11:38, 41, 670
671, 2019/10/18, 1:13:6, 7, 671
672, 2014/09/17, 16:33:57, 4, 672
673, 2019/09/07, 15:52:15, 9, 673
674, 2004/06/19, 22:36:51, 93, 674
675, 2003/09/07, 4:16:58, 98, 675
676, 2015/02/25, 16:49:15, 77, 676
677, 2005/05/02, 24:58:21, 16, 677
678, 2004/04/10, 10:19:27, 82, 678
679, 2005/08/14, 10:58:16, 63, 679
680, 2018/10/20, 22:41:54, 76, 680
681, 2009/01/08, 12:27:16, 48, 681
682, 2000/11/14, 16:2:23, 86, 682
683, 2003/08/15, 3:42:39, 79, 683
684, 2017/05/09, 5:55:55, 4, 684
685, 2004/03/12, 6:7:6, 8, 685
686, 2005/01/11, 8:31:52, 60, 686
687, 2003/11/18, 1:41:45, 59, 687
688, 2001/05/27, 3:18:57, 45, 688
689, 2004/02/10, 10:11:22, 16, 689
690, 2009/07/12, 16:31:39, 80, 690
691, 2013/02/20, 21:43:37, 20, 691
692, 2012/10/23, 5:3:52, 7, 692
693, 2002/09/08, 5:44:49, 87, 693
694, 2019/03/27, 20:5:10, 60, 694
695, 2013/10/11, 20:27:30, 13, 695
696, 2005/02/07, 17:5:39, 62, 696
697, 2018/03/24, 5:29:24, 21, 697
698, 2017/08/21, 17:28:3, 52, 698
699, 2009/11/11, 18:7:23, 94, 699
700, 2010/04/09, 10:57:60, 27, 700
701, 2000/03/08, 21:15:34, 90, 701
702, 2006/01/09, 6:48:24, 28, 702
703, 2013/03/22, 1:19:12, 28, 703
704, 2018/04/06, 21:12:44, 95, 704
705, 2018/01/15, 20:21:41, 69, 705
706, 2004/10/30, 24:5:44, 33, 706
707, 2007/01/22, 4:54:50, 3, 707
708, 2008/08/04, 13:26:58, 2, 708
709, 2001/03/20, 3:27:21, 24, 709
710, 2014/12/31, 18:47:25, 24, 710
711, 2008/11/21, 6:19:13, 67, 711
712, 2003/08/21, 0:26:29, 92, 712
713, 2001/11/08, 10:18:35, 27, 713
714, 2019/04/30, 0:18:33, 39, 714
715, 2014/04/01, 11:51:45, 76, 715
716, 2018/12/04, 1:24:0, 43, 716
717, 2018/07/16, 11:55:45, 58, 717
718, 2003/04/18, 13:59:39, 30, 718
719, 2009/12/20, 12:40:54, 5, 719
720, 2000/10/20, 18:43:17, 80, 720
721, 2006/11/13, 1:2:18, 30, 721
722, 2002/06/24, 21:30:57, 97, 722
723, 2005/05/26, 8:4:39, 26, 723
724, 2003/09/11, 18:47:0, 89, 724
725, 2004/03/18, 20:17:53, 99, 725
726, 2005/04/21, 22:8:8, 21, 726
727, 2017/03/16, 13:4:44, 32, 727
728, 2007/06/12, 8:19:31, 20, 728
729, 2006/04/25, 18:21:2, 76, 729
730, 2017/02/06, 15:54:55, 100, 730
731, 2016/05/22, 14:25:22, 75, 731
732, 2010/05/02, 16:18:8, 34, 732
733, 2000/04/12, 17:0:47, 10, 733
734, 2010/12/05, 24:36:1, 99, 734
735, 2005/03/03, 2:57:15, 74, 735
736, 2004/05/05, 18:52:2, 67, 736
737, 2015/01/03, 6:48:17, 54, 737
738, 2007/02/09, 20:49:58, 17, 738
739, 2018/04/24, 3:16:29, 2, 739
740, 2019/10/15, 13:14:5, 60, 740
741, 2019/07/14, 18:49:15, 12, 741
742, 2010/09/23, 24:35:37, 64, 742
743, 2010/01/04, 5:8:35, 8, 743
744, 2013/11/29, 11:32:23, 53, 744
745, 2012/08/20, 11:57:23, 93, 745
746, 2005/11/19, 11:4:45, 35, 746
747, 2012/04/19, 16:27:30, 85, 747
748, 2006/06/28, 19:20:55, 89, 748
749, 2004/04/19, 24:47:35, 94, 749
750, 2013/12/22, 5:12:31, 93, 750
751, 2005/01/08, 6:15:54, 38, 751
752, 2015/07/21, 24:6:55, 58, 752
753, 2017/09/24, 0:30:6, 74, 753
754, 2016/05/02, 8:20:20, 12, 754
755, 2015/09/15, 8:6:36, 58, 755
756, 2011/03/25, 22:7:20, 81, 756
757, 2013/04/21, 2:18:42, 29, 757
758, 2019/09/08, 20:41:47, 28, 758
759, 2014/02/04, 1:36:25, 48, 759
760, 2004/07/23, 1:5:1, 91, 760
761, 2012/08/28, 22:9:15, 21, 761
762, 2016/04/28, 18:49:3, 96, 762
763, 2012/06/23, 3:43:53, 3, 763
764, 2000/08/19, 6:8:49, 43, 764
765, 2002/02/26, 14:32:47, 77, 765
766, 2001/04/05, 18:41:18, 89, 766
767, 2017/09/08, 5:6:10, 1, 767
768, 2011/09/19, 8:56:60, 45, 768
769, 2012/04/19, 19:50:16, 14, 769
770, 2000/08/08, 23:48:11, 90, 770
771, 2012/05/23, 7:52:16, 95, 771
772, 2019/11/11, 4:11:51, 85, 772
773, 2010/11/17, 22:60:21, 81, 773
774, 2012/12/03, 13:16:52, 62, 774
775, 2014/04/04, 22:9:10, 21, 775
776, 2005/11/07, 4:57:23, 71, 776
777, 2000/11/18, 3:39:12, 98, 777
778, 2003/05/07, 14:10:46, 69, 778
779, 2010/04/29, 22:22:26, 76, 779
780, 2008/10/27, 21:0:8, 57, 780
781, 2011/05/26, 14:7:43, 59, 781
782, 2011/06/02, 15:48:6, 31, 782
783, 2018/01/24, 24:0:56, 96, 783
784, 2001/06/07, 18:23:21, 67, 784
785, 2005/08/22, 4:9:58, 40, 785
786, 2015/09/22, 7:11:55, 85, 786
787, 2003/06/08, 9:27:56, 47, 787
788, 2002/01/20, 17:58:1, 71, 788
789, 2009/06/08, 19:18:43, 91, 789
790, 2007/10/16, 23:12:27, 9, 790
791, 2013/06/12, 23:33:42, 18, 791
792, 2006/04/18, 15:10:13, 49, 792
793, 2015/08/07, 24:18:34, 8, 793
794, 2013/12/22, 11:42:20, 58, 794
795, 2008/01/17, 1:9:60, 64, 795
796, 2019/09/03, 5:1:32, 67, 796
797, 2019/06/05, 23:41:11, 43, 797
798, 2018/01/06, 3:47:36, 29, 798
799, 2017/06/02, 7:56:55, 36, 799
800, 2007/12/25, 15:9:6, 27, 800
801, 2002/09/24, 11:56:1, 6, 801
802, 2004/08/08, 8:29:18, 54, 802
803, 2013/03/09, 16:8:9, 58, 803
804, 2007/12/30, 10:37:40, 90, 804
805, 2008/01/20, 16:5:14, 57, 805
806, 2018/04/12, 24:42:22, 62, 806
807, 2000/04/25, 19:29:34, 89, 807
808, 2007/03/06, 5:16:29, 100, 808
809, 2008/04/14, 0:49:38, 98, 809
810, 2000/02/26, 2:2:38, 69, 810
811, 2006/04/20, 0:4:59, 86, 811
812, 2018/03/07, 4:36:37, 15, 812
813, 2017/04/28, 5:29:26, 59, 813
814, 2002/07/07, 16:24:20, 33, 814
815, 2018/02/02, 4:53:14, 67, 815
816, 2007/09/27, 5:9:47, 12, 816
817, 2012/09/02, 22:6:46, 93, 817
818, 2013/02/11, 24:50:35, 1, 818
819, 2000/09/04, 10:12:24, 28, 819
820, 2016/07/09, 6:20:12, 61, 820
821, 2010/08/04, 9:18:57, 35, 821
822, 2016/05/25, 11:29:18, 53, 822
823, 2010/08/09, 23:31:24, 55, 823
824, 2003/06/04, 10:10:7, 1, 824
825, 2015/05/21, 21:10:57, 72, 825
826, 2002/05/29, 4:48:26, 55, 826
827, 2007/04/17, 21:52:45, 17, 827
828, 2016/03/10, 2:60:24, 65, 828
829, 2003/11/04, 9:17:45, 25, 829
830, 2000/10/13, 3:31:39, 82, 830
831, 2010/01/03, 16:54:23, 88, 831
832, 2019/02/21, 19:3:42, 99, 832
833, 2003/02/11, 7:49:16, 96, 833
834, 2014/10/29, 12:53:22, 50, 834
835, 2001/10/16, 14:38:40, 65, 835
836, 2004/08/10, 16:9:13, 16, 836
837, 2015/12/31, 17:27:40, 94, 837
838, 2013/01/08, 14:1:60, 46, 838
839, 2002/02/04, 10:42:14, 45, 839
840, 2001/08/06, 1:1:30, 87, 840
841, 2005/04/28, 19:60:7, 20, 841
842, 2013/08/06, 3:39:60, 16, 842
843, 2018/04/27, 8:33:41, 58, 843
844, 2004/04/27, 22:39:20, 55, 844
845, 2014/01/22, 5:55:39, 100, 845
846, 2003/02/24, 11:60:38, 35, 846
847, 2005/09/21, 0:42:22, 42, 847
848, 2008/01/15, 4:46:16, 21, 848
849, 2009/07/26, 8:17:17, 44, 849
850, 2004/11/10, 18:1:35, 93, 850
851, 2016/10/16, 1:23:47, 47, 851
852, 2012/07/25, 24:30:21, 2, 852
853, 2000/11/07, 7:44:4, 60, 853
854, 2005/06/04, 11:24:34, 10, 854
855, 2000/01/30, 11:54:10, 9, 855
856, 2014/03/11, 15:8:35, 32, 856
857, 2004/08/02, 1:27:32, 75, 857
858, 2010/11/25, 8:23:55, 69, 858
859, 2003/12/18, 22:50:36, 30, 859
860, 2009/07/29, 21:27:11, 81, 860
861, 2017/12/20, 13:1:60, 64, 861
862, 2019/05/16, 21:57:16, 87, 862
863, 2015/04/26, 20:16:32, 65, 863
864, 2017/09/08, 24:51:5, 99, 864
865, 2010/02/20, 20:32:54, 4, 865
866, 2010/09/23, 20:53:20, 21, 866
867, 2009/06/16, 5:34:1, 66, 867
868, 2006/01/05, 3:49:40, 63, 868
869, 2005/09/21, 2:25:18, 17, 869
870, 2019/06/19, 9:17:46, 63, 870
871, 2009/12/14, 9:7:58, 51, 871
872, 2011/03/22, 0:8:54, 59, 872
873, 2011/02/07, 24:1:27, 93, 873
874, 2015/04/21, 22:3:40, 43, 874
875, 2005/02/11, 17:36:54, 97, 875
876, 2006/12/02, 3:35:46, 12, 876
877, 2009/04/11, 10:30:11, 33, 877
878, 2010/03/16, 8:32:33, 86, 878
879, 2008/11/25, 21:60:30, 57, 879
880, 2011/11/18, 9:5:32, 77, 880
881, 2001/10/08, 1:16:55, 14, 881
882, 2003/01/18, 24:38:38, 64, 882
883, 2009/05/28, 23:48:43, 65, 883
884, 2006/02/10, 11:47:17, 93, 884
885, 2016/09/07, 17:56:56, 88, 885
886, 2017/07/31, 23:50:60, 92, 886
887, 2018/11/06, 11:10:51, 59, 887
888, 2016/05/04, 14:36:36, 59, 888
889, 2013/05/24, 5:23:18, 68, 889
890, 2014/05/04, 24:59:56, 71, 890
891, 2015/01/22, 8:16:49, 44, 891
892, 2010/11/21, 9:28:60, 23, 892
893, 2001/08/06, 2:49:23, 9, 893
894, 2011/12/08, 22:0:25, 55, 894
895, 2019/10/07, 5:20:26, 75, 895
896, 2001/11/17, 15:52:15, 43, 896
897, 2011/11/05, 24:48:27, 11, 897
898, 2011/10/15, 24:52:31, 98, 898
899, 2015/09/17, 18:38:24, 57, 899
900, 2007/10/21, 9:17:3, 36, 900
901, 2019/04/05, 19:41:32, 92, 901
902, 2018/06/15, 23:19:38, 56, 902
903, 2008/09/25, 24:58:3, 10, 903
904, 2005/09/18, 24:31:6, 98, 904
905, 2014/11/19, 23:1:32, 53, 905
906, 2003/01/25, 16:23:41, 2, 906
907, 2012/04/02, 22:52:45, 47, 907
908, 2001/03/13, 21:7:43, 63, 908
909, 2005/07/25, 8:56:27, 65, 909
910, 2006/02/04, 3:21:10, 14, 910
911, 2011/07/13, 10:19:44, 100, 911
912, 2011/04/29, 5:13:28, 23, 912
913, 2006/05/28, 2:9:43, 10, 913
914, 2005/11/11, 13:39:23, 53, 914
915, 2014/09/26, 11:34:18, 11, 915
916, 2001/09/26, 17:45:31, 42, 916
917, 2003/07/12, 6:42:27, 22, 917
918, 2003/11/18, 0:41:44, 14, 918
919, 2013/12/24, 9:23:15, 35, 919
920, 2017/01/21, 21:2:28, 50, 920
921, 2010/04/07, 11:45:0, 18, 921
922, 2019/03/26, 12:42:17, 44, 922
923, 2005/10/05, 10:56:47, 7, 923
924, 2004/05/24, 16:21:36, 73, 924
925, 2014/12/04, 15:43:43, 22, 925
926, 2016/04/10, 8:21:16, 6, 926
927, 2004/01/19, 14:38:54, 3, 927
928, 2007/04/25, 0:39:60, 34, 928
929, 2009/12/20, 9:20:51, 98, 929
930, 2018/06/24, 14:10:41, 5, 930
931, 2007/11/24, 14:13:57, 90, 931
932, 2018/06/22, 17:33:35, 18, 932
933, 2012/06/02, 19:23:48, 7, 933
934, 2015/12/13, 22:47:23, 86, 934
935, 2003/04/19, 5:30:45, 50, 935
936, 2015/06/23, 0:29:44, 50, 936
937, 2014/03/07, 6:58:48, 29, 937
938, 2011/04/01, 4:13:51, 2, 938
939, 2003/07/15, 5:37:13, 48, 939
940, 2008/06/24, 7:36:33, 82, 940
941, 2001/02/25, 19:38:41, 80, 941
942, 2009/07/18, 3:14:60, 16, 942
943, 2016/11/23, 5:24:9, 54, 943
944, 2015/08/08, 4:6:1, 22, 944
945, 2010/06/21, 5:0:3, 84, 945
946, 2001/02/09, 5:20:25, 69, 946
947, 2015/08/17, 20:58:31, 93, 947
948, 2017/08/19, 10:18:52, 53, 948
949, 2002/09/09, 7:10:37, 30, 949
950, 2008/03/05, 3:12:8, 84, 950
951, 2009/01/28, 10:39:10, 2, 951
952, 2012/08/06, 9:16:57, 13, 952
953, 2011/09/21, 18:48:2, 1, 953
954, 2007/04/16, 18:18:24, 84, 954
955, 2000/09/28, 15:18:29, 6, 955
956, 2011/01/18, 7:6:35, 65, 956
957, 2001/03/04, 17:43:0, 49, 957
958, 2003/10/10, 3:49:28, 93, 958
959, 2017/02/09, 17:32:44, 66, 959
960, 2011/09/21, 18:4:5, 50, 960
961, 2005/12/07, 2:7:15, 42, 961
962, 2017/04/22, 5:47:3, 45, 962
963, 2012/08/02, 3:33:49, 11, 963
964, 2016/01/05, 18:0:5, 58, 964
965, 2013/03/12, 23:46:1, 21, 965
966, 2018/11/14, 18:28:47, 29, 966
967, 2013/05/28, 24:43:3, 71, 967
968, 2012/12/22, 16:11:44, 15, 968
969, 2003/04/19, 6:31:6, 26, 969
970, 2001/11/08, 13:20:20, 43, 970
971, 2012/07/05, 13:54:45, 76, 971
972, 2012/05/16, 10:17:8, 65, 972
973, 2017/10/13, 3:30:45, 45, 973
974, 2010/04/26, 16:16:36, 82, 974
975, 2004/07/08, 7:51:39, 60, 975
976, 2013/10/15, 3:53:11, 77, 976
977, 2008/06/15, 16:51:45, 29, 977
978, 2005/03/16, 9:28:37, 32, 978
979, 2008/05/26, 11:14:31, 15, 979
980, 2002/04/08, 10:39:33, 19, 980
981, 2004/12/30, 21:7:39, 23, 981
982, 2010/03/07, 13:20:2, 76, 982
983, 2019/02/26, 23:5:27, 82, 983
984, 2012/08/05, 6:13:24, 40, 984
985, 2000/10/27, 5:2:19, 1, 985
986, 2017/02/26, 13:20:53, 28, 986
987, 2017/02/18, 23:11:57, 56, 987
988, 2001/08/24, 20:15:44, 91, 988
989, 2015/12/07, 9:59:53, 34, 989
990, 2009/03/29, 10:49:35, 87, 990
991, 2007/05/28, 14:57:1, 34, 991
992, 2008/12/19, 22:22:29, 45, 992
993, 2006/11/27, 21:10:40, 4, 993
994, 2004/08/23, 20:10:16, 90, 994
995, 2012/10/25, 3:1:39, 44, 995
996, 2016/01/23, 15:57:59, 66, 996
997, 2005/05/08, 4:51:57, 23, 997
998, 2007/09/05, 18:56:12, 70, 998
999, 2003/07/06, 10:21:20, 16, 999
1000, 2013/11/25, 12:31:33, 33, 1000
1001, 2011/09/28, 10:0:4, 21, 584
1002, 2010/01/16, 6:46:33, 44, 102
1003, 2011/06/11, 6:13:56, 68, 845
1004, 2009/06/04, 15:40:21, 74, 229
1005, 2006/08/01, 5:54:24, 1, 403
1006, 2011/10/14, 12:44:59, 33, 649
1007, 2015/02/12, 17:55:52, 3, 725
1008, 2008/06/04, 12:1:20, 18, 328
1009, 2002/12/05, 10:34:31, 9, 467
1010, 2000/08/07, 6:25:40, 12, 186
1011, 2011/07/16, 15:16:6, 86, 779
1012, 2012/01/19, 11:26:10, 63, 519
1013, 2010/01/16, 3:23:26, 60, 782
1014, 2016/01/07, 21:22:54, 8, 212
1015, 2017/04/05, 9:20:14, 60, 253
1016, 2016/08/23, 3:31:7, 92, 734
1017, 2010/07/08, 12:4:39, 20, 879
1018, 2012/04/25, 22:6:60, 41, 65
1019, 2005/02/22, 1:51:17, 87, 360
1020, 2004/10/05, 15:15:37, 50, 853
1021, 2000/10/24, 5:32:22, 99, 508
1022, 2006/05/02, 5:37:11, 14, 172
1023, 2015/12/08, 14:56:13, 50, 271
1024, 2018/06/23, 0:36:21, 91, 90
1025, 2017/04/10, 12:7:52, 85, 285
1026, 2019/12/08, 1:12:25, 48, 310
1027, 2008/06/29, 0:11:20, 98, 686
1028, 2013/01/14, 2:37:37, 34, 305
1029, 2018/07/11, 24:42:43, 20, 559
1030, 2009/01/03, 4:16:49, 25, 250
1031, 2018/03/20, 17:27:6, 5, 733
1032, 2011/11/08, 4:34:29, 86, 419
1033, 2014/04/14, 8:55:21, 77, 428
1034, 2011/07/04, 11:51:57, 72, 673
1035, 2010/10/31, 14:1:16, 6, 57
1036, 2010/07/20, 14:17:7, 81, 559
1037, 2016/01/19, 2:22:1, 43, 648
1038, 2013/08/06, 11:30:44, 62, 157
1039, 2016/03/09, 3:43:51, 48, 66
1040, 2004/06/04, 0:8:26, 2, 590
1041, 2004/04/06, 24:26:49, 7, 773
1042, 2004/10/02, 12:13:4, 47, 5
1043, 2003/10/02, 11:25:49, 29, 92
1044, 2004/09/19, 6:41:57, 49, 653
1045, 2007/02/08, 12:14:13, 48, 696
1046, 2004/06/15, 9:8:9, 94, 632
1047, 2009/09/02, 16:22:20, 19, 108
1048, 2012/02/23, 1:32:53, 57, 469
1049, 2018/06/29, 17:57:45, 43, 535
1050, 2009/05/24, 13:34:44, 51, 405
1051, 2005/02/06, 11:0:56, 10, 207
1052, 2001/01/07, 21:31:48, 19, 753
1053, 2013/03/04, 24:32:50, 45, 981
1054, 2003/10/03, 3:43:26, 27, 772
1055, 2018/10/13, 24:40:27, 31, 1
1056, 2009/10/29, 2:8:6, 58, 346
1057, 2007/07/16, 20:28:57, 51, 945
1058, 2003/11/15, 8:37:50, 96, 843
1059, 2003/06/06, 24:22:36, 36, 348
1060, 2015/09/05, 2:2:13, 84, 783
1061, 2012/06/06, 22:24:44, 29, 489
1062, 2011/10/29, 21:18:11, 6, 832
1063, 2004/02/08, 17:26:36, 73, 780
1064, 2012/11/04, 3:47:4, 46, 474
1065, 2015/02/09, 9:23:45, 46, 733
1066, 2007/03/09, 7:50:51, 65, 672
1067, 2016/05/21, 7:56:50, 80, 563
1068, 2019/07/11, 1:34:7, 50, 164
1069, 2000/01/28, 9:13:54, 70, 228
1070, 2019/01/07, 9:28:15, 50, 685
1071, 2019/10/17, 24:3:59, 8, 880
1072, 2016/01/23, 15:16:28, 23, 488
1073, 2011/05/04, 7:16:56, 59, 605
1074, 2000/03/03, 6:30:39, 44, 40
1075, 2004/04/06, 24:42:11, 20, 679
1076, 2003/09/12, 17:54:42, 53, 477
1077, 2000/03/31, 19:21:50, 92, 108
1078, 2011/02/08, 15:55:39, 55, 622
1079, 2007/07/24, 20:20:23, 57, 975
1080, 2008/10/28, 9:34:15, 17, 463
1081, 2002/09/01, 2:14:2, 89, 882
1082, 2000/07/03, 17:47:48, 69, 239
1083, 2000/01/03, 5:22:18, 9, 653
1084, 2009/03/30, 20:32:60, 58, 339
1085, 2008/06/21, 16:39:53, 9, 563
1086, 2000/09/09, 5:47:28, 29, 583
1087, 2002/05/28, 6:48:48, 11, 131
1088, 2018/06/02, 8:5:3, 67, 592
1089, 2010/06/23, 23:12:27, 14, 556
1090, 2005/12/07, 17:33:14, 83, 962
1091, 2009/12/31, 22:51:18, 75, 911
1092, 2002/11/21, 23:43:40, 4, 576
1093, 2008/04/01, 19:19:40, 30, 100
1094, 2008/12/28, 23:27:52, 43, 281
1095, 2013/08/11, 7:51:4, 66, 393
1096, 2001/09/04, 22:59:10, 7, 363
1097, 2015/06/19, 15:45:9, 90, 621
1098, 2013/02/21, 24:56:28, 43, 957
1099, 2010/07/25, 7:1:35, 54, 84
1100, 2005/03/10, 23:45:36, 20, 602
1101, 2002/10/24, 14:11:2, 48, 23
1102, 2005/02/24, 2:26:32, 76, 600
1103, 2007/12/12, 17:1:43, 51, 40
1104, 2007/03/29, 11:45:49, 32, 845
1105, 2011/12/12, 14:42:19, 36, 504
1106, 2002/04/03, 6:2:23, 83, 73
1107, 2013/10/06, 24:59:26, 71, 700
1108, 2017/06/26, 14:53:40, 2, 758
1109, 2016/03/14, 6:51:45, 24, 765
1110, 2009/04/07, 15:53:4, 27, 780
1111, 2014/07/27, 4:51:7, 5, 572
1112, 2017/10/13, 21:39:28, 13, 734
1113, 2000/03/05, 6:22:39, 44, 794
1114, 2004/02/01, 20:33:22, 58, 908
1115, 2002/03/22, 15:46:56, 76, 751
1116, 2003/06/07, 5:40:44, 90, 997
1117, 2011/12/18, 1:50:2, 24, 491
1118, 2008/02/12, 22:36:9, 71, 131
1119, 2004/06/05, 14:17:1, 49, 613
1120, 2019/02/15, 7:19:15, 99, 97
1121, 2001/04/04, 9:51:39, 5, 639
1122, 2009/10/27, 12:46:23, 46, 95
1123, 2009/12/03, 5:32:44, 11, 423
1124, 2009/02/01, 8:26:45, 71, 523
1125, 2000/07/15, 6:4:31, 3, 420
1126, 2004/12/08, 6:45:29, 33, 761
1127, 2003/07/11, 1:40:36, 29, 462
1128, 2005/12/31, 19:11:55, 6, 701
1129, 2008/08/16, 15:2:35, 27, 494
1130, 2005/05/24, 7:21:18, 99, 80
1131, 2006/05/04, 19:44:15, 49, 253
1132, 2009/06/26, 14:6:57, 46, 942
1133, 2013/12/07, 18:20:27, 61, 247
1134, 2015/04/25, 19:31:13, 79, 836
1135, 2018/07/27, 10:6:27, 92, 615
1136, 2017/10/07, 22:5:52, 66, 470
1137, 2012/10/13, 1:30:56, 37, 392
1138, 2010/05/10, 24:22:17, 10, 246
1139, 2017/12/05, 0:55:47, 24, 32
1140, 2012/04/26, 9:22:28, 54, 649
1141, 2008/11/22, 22:31:5, 54, 458
1142, 2001/03/14, 9:17:41, 77, 247
1143, 2000/05/22, 13:1:28, 86, 123
1144, 2011/09/28, 12:52:30, 53, 766
1145, 2003/09/29, 12:12:26, 56, 250
1146, 2012/08/22, 9:13:33, 59, 121
1147, 2013/08/07, 6:35:1, 67, 138
1148, 2011/09/23, 24:17:36, 65, 903
1149, 2011/09/17, 16:57:3, 35, 882
1150, 2018/08/25, 10:22:10, 60, 344
1151, 2004/06/02, 7:0:42, 12, 856
1152, 2011/08/13, 13:20:51, 87, 182
1153, 2014/11/22, 12:11:59, 37, 323
1154, 2002/06/06, 13:1:13, 21, 673
1155, 2009/08/12, 21:28:57, 81, 244
1156, 2008/09/08, 4:20:55, 57, 124
1157, 2012/09/17, 3:20:50, 19, 576
1158, 2016/10/11, 10:10:10, 32, 270
1159, 2008/07/18, 10:58:39, 35, 78
1160, 2018/03/25, 4:46:21, 96, 91
1161, 2008/06/19, 13:47:17, 72, 162
1162, 2017/03/05, 22:47:12, 21, 237
1163, 2006/08/24, 20:24:20, 9, 793
1164, 2004/05/03, 10:25:49, 23, 787
1165, 2015/12/29, 1:34:54, 14, 454
1166, 2014/04/12, 7:50:4, 96, 380
1167, 2007/05/23, 18:49:59, 47, 813
1168, 2001/05/17, 8:51:54, 2, 316
1169, 2002/02/03, 3:43:5, 42, 870
1170, 2015/07/15, 17:7:13, 20, 747
1171, 2018/10/05, 6:48:54, 11, 557
1172, 2010/07/31, 15:8:56, 73, 24
1173, 2017/08/26, 1:37:14, 53, 5
1174, 2010/10/11, 17:48:27, 41, 302
1175, 2010/09/10, 14:41:36, 80, 85
1176, 2016/02/20, 2:6:11, 50, 765
1177, 2013/01/13, 1:9:35, 29, 850
1178, 2001/07/29, 15:52:53, 33, 794
1179, 2001/06/18, 7:37:9, 77, 13
1180, 2000/08/20, 5:7:37, 65, 249
1181, 2006/11/09, 5:15:57, 16, 7
1182, 2003/08/28, 9:46:30, 54, 550
1183, 2016/07/12, 3:14:32, 50, 959
1184, 2004/02/25, 12:11:38, 1, 686
1185, 2000/03/30, 12:43:11, 83, 741
1186, 2012/04/08, 9:46:24, 39, 427
1187, 2007/07/22, 10:40:54, 63, 669
1188, 2002/03/18, 20:32:26, 8, 72
1189, 2005/04/14, 2:29:21, 92, 436
1190, 2001/06/19, 16:45:26, 64, 65
1191, 2018/10/19, 17:39:13, 33, 281
1192, 2015/04/13, 8:20:46, 83, 526
1193, 2001/12/21, 19:26:1, 5, 311
1194, 2016/05/18, 19:40:55, 11, 738
1195, 2003/03/13, 3:56:42, 71, 293
1196, 2005/05/08, 19:34:49, 46, 518
1197, 2006/01/19, 24:25:8, 7, 601
1198, 2015/04/11, 12:55:6, 83, 30
1199, 2011/02/16, 8:10:38, 23, 916
1200, 2011/08/31, 3:28:43, 8, 620
1201, 2008/10/04, 15:22:52, 49, 202
1202, 2018/04/17, 5:2:19, 81, 51
1203, 2001/12/23, 11:9:56, 80, 72
1204, 2009/01/15, 0:11:39, 88, 560
1205, 2016/04/07, 9:46:6, 44, 180
1206, 2001/03/29, 11:44:36, 67, 168
1207, 2009/12/11, 1:50:30, 17, 235
1208, 2006/07/11, 8:22:2, 4, 766
1209, 2018/07/29, 6:60:13, 49, 273
1210, 2010/10/19, 13:35:35, 25, 644
1211, 2014/03/15, 18:7:51, 53, 56
1212, 2000/12/01, 22:25:52, 92, 442
1213, 2004/01/04, 20:5:47, 87, 467
1214, 2014/11/06, 18:25:8, 38, 503
1215, 2018/01/08, 15:57:53, 98, 608
1216, 2005/07/29, 3:4:20, 9, 787
1217, 2018/01/23, 14:17:52, 87, 205
1218, 2009/12/25, 7:42:59, 52, 324
1219, 2000/03/09, 0:52:17, 64, 320
1220, 2014/01/09, 8:56:40, 91, 43
1221, 2018/10/13, 16:49:3, 24, 627
1222, 2004/11/19, 1:47:28, 22, 509
1223, 2012/03/28, 1:15:14, 51, 837
1224, 2010/09/19, 22:14:45, 34, 923
1225, 2003/04/19, 24:6:34, 23, 780
1226, 2016/08/24, 0:20:6, 1, 12
1227, 2013/06/11, 17:60:53, 67, 274
1228, 2017/07/06, 2:60:24, 90, 493
1229, 2003/02/19, 3:0:52, 62, 365
1230, 2015/06/13, 3:5:58, 91, 344
1231, 2015/06/08, 11:60:56, 34, 305
1232, 2017/02/22, 18:35:14, 79, 819
1233, 2006/08/24, 19:5:53, 75, 168
1234, 2018/10/21, 2:3:46, 97, 649
1235, 2003/04/25, 13:45:28, 8, 772
1236, 2004/02/13, 2:5:22, 59, 703
1237, 2000/06/07, 5:43:37, 80, 458
1238, 2018/08/15, 6:26:4, 42, 932
1239, 2016/01/22, 7:21:14, 53, 313
1240, 2009/12/05, 14:45:19, 83, 359
1241, 2004/05/17, 20:42:51, 10, 722
1242, 2014/07/30, 9:5:26, 18, 28
1243, 2008/12/11, 0:30:24, 86, 823
1244, 2012/10/15, 6:42:23, 33, 759
1245, 2011/02/20, 3:5:12, 40, 341
1246, 2000/10/10, 12:26:39, 99, 581
1247, 2004/06/19, 19:18:10, 10, 937
1248, 2008/02/12, 7:22:36, 62, 999
1249, 2003/11/25, 3:35:50, 11, 255
1250, 2018/03/24, 17:17:57, 34, 648
1251, 2002/12/20, 16:21:37, 87, 890
1252, 2017/01/31, 17:18:15, 12, 58
1253, 2006/11/25, 21:32:58, 95, 702
1254, 2003/11/01, 24:4:12, 67, 50
1255, 2002/03/09, 1:41:3, 76, 9
1256, 2011/03/30, 11:60:16, 14, 767
1257, 2003/12/22, 12:11:38, 58, 832
1258, 2008/10/25, 22:59:53, 9, 504
1259, 2001/10/20, 22:15:34, 76, 158
1260, 2016/11/29, 12:25:21, 50, 967
1261, 2013/03/16, 20:54:2, 91, 405
1262, 2009/02/18, 3:57:14, 13, 778
1263, 2005/03/06, 4:29:49, 71, 356
1264, 2007/12/19, 13:11:50, 23, 969
1265, 2017/02/05, 17:5:59, 49, 563
1266, 2015/04/13, 13:40:41, 48, 679
1267, 2015/12/22, 24:4:7, 33, 709
1268, 2010/01/25, 12:24:55, 56, 434
1269, 2007/03/11, 7:45:18, 10, 939
1270, 2019/03/22, 11:53:15, 93, 429
1271, 2009/04/24, 24:42:59, 68, 93
1272, 2003/01/28, 13:52:30, 87, 83
1273, 2014/01/04, 0:56:55, 25, 102
1274, 2017/08/22, 7:14:43, 16, 526
1275, 2007/04/10, 9:31:26, 59, 622
1276, 2008/02/09, 0:31:49, 23, 167
1277, 2018/11/15, 16:42:34, 46, 177
1278, 2001/05/22, 5:46:55, 13, 946
1279, 2019/01/06, 0:20:30, 72, 482
1280, 2007/08/28, 0:3:42, 87, 44
1281, 2004/12/29, 3:21:16, 60, 739
1282, 2003/04/01, 20:25:53, 99, 744
1283, 2011/11/30, 21:7:2, 33, 630
1284, 2018/05/19, 4:18:41, 28, 647
1285, 2016/07/04, 7:9:6, 35, 780
1286, 2016/03/13, 21:20:16, 56, 201
1287, 2009/01/17, 14:32:10, 55, 753
1288, 2000/12/11, 18:59:58, 7, 658
1289, 2014/12/19, 18:31:13, 58, 991
1290, 2001/11/30, 7:25:50, 42, 363
1291, 2000/09/07, 15:60:4, 78, 652
1292, 2010/10/28, 6:49:40, 24, 729
1293, 2015/08/28, 20:56:8, 92, 124
1294, 2004/03/15, 22:11:12, 38, 608
1295, 2009/03/15, 23:29:6, 55, 627
1296, 2008/09/20, 19:2:23, 29, 249
1297, 2009/11/08, 12:41:39, 35, 964
1298, 2011/02/01, 16:23:32, 42, 447
1299, 2004/08/20, 6:9:35, 4, 732
1300, 2016/09/17, 10:24:30, 87, 446
1301, 2008/12/25, 20:58:24, 1, 907
1302, 2011/01/26, 0:14:12, 50, 104
1303, 2016/06/04, 17:1:33, 13, 647
1304, 2008/04/13, 23:45:30, 92, 121
1305, 2005/12/31, 22:11:19, 75, 452
1306, 2006/02/18, 15:0:2, 7, 645
1307, 2001/03/07, 22:54:50, 41, 38
1308, 2008/10/02, 2:23:35, 1, 466
1309, 2011/10/24, 13:24:12, 7, 786
1310, 2000/08/09, 22:47:45, 88, 972
1311, 2008/03/24, 7:26:42, 43, 805
1312, 2017/02/08, 3:31:54, 70, 182
1313, 2002/07/14, 19:23:37, 2, 603
1314, 2015/01/18, 23:31:25, 64, 777
1315, 2014/02/18, 13:38:52, 63, 320
1316, 2001/08/20, 16:32:37, 62, 550
1317, 2007/11/29, 11:34:26, 72, 515
1318, 2000/06/30, 18:54:10, 80, 105
1319, 2018/09/09, 21:52:42, 64, 683
1320, 2007/03/12, 24:38:12, 74, 168
1321, 2004/05/13, 3:3:58, 79, 177
1322, 2001/04/22, 17:2:1, 39, 358
1323, 2019/01/24, 23:29:45, 32, 945
1324, 2019/04/15, 11:13:3, 74, 109
1325, 2012/05/30, 7:20:8, 81, 813
1326, 2010/01/08, 10:34:35, 95, 197
1327, 2015/05/02, 6:36:56, 69, 179
1328, 2019/05/02, 18:51:39, 90, 82
1329, 2005/10/08, 12:16:55, 34, 318
1330, 2008/01/28, 3:10:15, 35, 90
1331, 2011/04/09, 21:60:11, 54, 739
1332, 2007/05/29, 1:31:25, 66, 902
1333, 2016/10/02, 21:52:56, 90, 582
1334, 2005/04/03, 4:53:6, 91, 816
1335, 2011/12/28, 17:33:60, 60, 183
1336, 2000/12/02, 16:43:16, 88, 142
1337, 2016/10/21, 1:45:25, 18, 931
1338, 2009/03/06, 10:30:23, 14, 371
1339, 2001/09/08, 7:22:6, 13, 16
1340, 2006/11/07, 8:15:13, 40, 38
1341, 2004/05/01, 5:10:41, 55, 217
1342, 2017/05/12, 13:8:25, 41, 48
1343, 2000/06/22, 20:32:50, 19, 515
1344, 2017/09/07, 12:9:48, 96, 325
1345, 2003/08/24, 16:42:18, 79, 986
1346, 2000/01/29, 2:9:35, 56, 743
1347, 2017/11/05, 7:44:47, 34, 946
1348, 2000/01/11, 14:19:2, 45, 967
1349, 2003/12/31, 4:10:12, 21, 453
1350, 2000/06/29, 12:31:13, 65, 654
1351, 2015/04/20, 18:27:44, 56, 52
1352, 2001/08/04, 13:43:34, 72, 575
1353, 2009/07/17, 17:21:17, 28, 678
1354, 2013/01/19, 5:10:53, 51, 159
1355, 2008/11/23, 14:56:51, 33, 695
1356, 2009/03/07, 4:6:2, 47, 817
1357, 2002/01/24, 18:46:45, 19, 393
1358, 2003/04/21, 6:41:20, 41, 312
1359, 2017/07/22, 15:50:10, 17, 88
1360, 2015/02/06, 3:1:13, 87, 804
1361, 2005/02/14, 0:39:58, 18, 226
1362, 2001/04/12, 17:17:49, 95, 753
1363, 2000/07/22, 1:38:45, 23, 213
1364, 2004/12/11, 14:11:60, 70, 470
1365, 2000/04/07, 7:59:59, 45, 84
1366, 2006/03/10, 23:4:15, 20, 837
1367, 2019/10/08, 19:22:25, 49, 811
1368, 2000/11/25, 23:20:0, 33, 102
1369, 2014/02/16, 12:28:28, 78, 965
1370, 2004/10/04, 15:9:45, 12, 545
1371, 2013/06/21, 18:42:37, 87, 205
1372, 2005/04/05, 10:18:31, 16, 89
1373, 2010/09/21, 19:33:52, 78, 235
1374, 2008/07/21, 14:27:25, 25, 243
1375, 2014/09/25, 22:52:3, 100, 659
1376, 2007/12/10, 19:42:34, 38, 916
1377, 2016/09/30, 15:49:41, 68, 427
1378, 2009/02/06, 24:50:16, 69, 549
1379, 2001/12/15, 19:58:49, 12, 312
1380, 2010/01/31, 20:11:17, 85, 336
1381, 2007/12/14, 21:56:54, 15, 966
1382, 2011/12/20, 13:4:18, 27, 628
1383, 2003/04/11, 18:18:32, 63, 139
1384, 2016/03/03, 10:1:1, 94, 898
1385, 2008/12/05, 12:15:17, 81, 118
1386, 2000/06/26, 20:52:0, 38, 218
1387, 2000/06/21, 17:27:58, 6, 654
1388, 2006/09/30, 3:40:36, 33, 798
1389, 2000/04/01, 12:20:32, 67, 943
1390, 2014/01/09, 0:30:55, 38, 538
1391, 2015/03/27, 23:30:42, 45, 933
1392, 2001/05/18, 13:5:17, 71, 575
1393, 2000/01/22, 23:17:10, 31, 580
1394, 2013/08/20, 8:46:24, 21, 314
1395, 2016/09/14, 21:38:31, 5, 279
1396, 2001/06/07, 13:19:31, 66, 285
1397, 2016/07/06, 24:3:7, 40, 737
1398, 2007/04/22, 20:46:20, 38, 374
1399, 2002/02/01, 12:31:19, 83, 36
1400, 2016/03/28, 10:31:10, 1, 729
1401, 2016/10/01, 7:43:59, 9, 776
1402, 2005/12/11, 11:1:27, 4, 365
1403, 2004/04/01, 17:14:19, 45, 543
1404, 2012/08/09, 23:12:55, 6, 612
1405, 2000/04/14, 8:11:56, 6, 940
1406, 2016/12/04, 5:24:21, 9, 344
1407, 2000/01/28, 21:37:56, 90, 593
1408, 2006/03/17, 1:25:21, 19, 981
1409, 2004/04/21, 20:9:49, 76, 172
1410, 2004/05/17, 20:18:28, 34, 406
1411, 2011/06/19, 18:58:46, 64, 269
1412, 2004/01/29, 1:54:17, 37, 645
1413, 2014/06/28, 2:51:52, 35, 815
1414, 2018/08/15, 8:25:51, 84, 779
1415, 2006/04/03, 3:20:40, 14, 742
1416, 2006/10/15, 11:18:52, 71, 455
1417, 2007/08/17, 20:26:25, 46, 288
1418, 2017/03/01, 10:36:31, 17, 162
1419, 2016/09/01, 20:22:10, 68, 231
1420, 2000/03/30, 21:22:2, 48, 69
1421, 2008/11/11, 6:8:13, 15, 786
1422, 2004/01/16, 21:17:11, 44, 878
1423, 2006/12/20, 4:2:26, 15, 198
1424, 2014/07/21, 4:1:3, 8, 768
1425, 2019/03/02, 2:51:21, 71, 780
1426, 2007/11/22, 6:36:57, 47, 477
1427, 2007/09/16, 14:25:54, 10, 511
1428, 2009/05/30, 23:33:14, 72, 771
1429, 2013/08/29, 17:21:16, 20, 333
1430, 2005/12/17, 13:28:30, 33, 111
1431, 2010/11/27, 0:46:52, 70, 622
1432, 2017/03/07, 11:25:24, 35, 79
1433, 2004/03/23, 4:16:5, 63, 312
1434, 2004/10/15, 15:56:8, 65, 958
1435, 2010/11/14, 20:10:32, 72, 201
1436, 2011/07/10, 8:44:41, 98, 837
1437, 2001/11/13, 1:20:35, 25, 46
1438, 2004/06/26, 2:41:55, 73, 737
1439, 2012/01/02, 22:54:20, 30, 286
1440, 2005/08/13, 2:35:39, 22, 465
1441, 2006/08/06, 19:22:52, 24, 804
1442, 2009/08/23, 8:55:48, 75, 726
1443, 2017/12/01, 23:41:29, 39, 65
1444, 2010/02/01, 23:10:1, 8, 74
1445, 2018/11/29, 1:57:0, 93, 818
1446, 2017/04/09, 5:0:51, 92, 169
1447, 2000/05/26, 12:32:27, 75, 160
1448, 2017/10/16, 23:37:60, 91, 404
1449, 2009/02/01, 7:10:38, 65, 611
1450, 2013/04/13, 15:21:22, 58, 506
1451, 2009/02/10, 22:44:51, 74, 977
1452, 2016/11/22, 6:13:37, 33, 879
1453, 2009/07/04, 11:59:3, 79, 869
1454, 2011/08/29, 18:0:37, 55, 827
1455, 2003/12/10, 8:24:52, 29, 600
1456, 2015/01/23, 6:50:59, 37, 93
1457, 2000/06/16, 1:42:21, 40, 628
1458, 2007/12/26, 8:57:37, 50, 569
1459, 2003/09/23, 8:26:43, 77, 907
1460, 2019/10/05, 0:3:43, 82, 779
1461, 2001/06/10, 19:52:23, 89, 258
1462, 2016/12/16, 23:59:11, 87, 747
1463, 2014/01/18, 13:36:1, 51, 348
1464, 2013/09/24, 4:20:52, 6, 993
1465, 2010/04/06, 11:2:2, 51, 748
1466, 2005/07/24, 21:37:42, 33, 995
1467, 2010/07/21, 15:59:22, 9, 382
1468, 2017/09/01, 6:2:16, 91, 790
1469, 2015/03/05, 1:24:0, 12, 150
1470, 2003/04/23, 1:35:40, 33, 293
1471, 2009/01/24, 23:0:21, 14, 76
1472, 2004/05/20, 7:40:28, 45, 733
1473, 2019/04/22, 0:7:58, 10, 343
1474, 2014/06/15, 13:29:60, 17, 168
1475, 2006/07/03, 1:22:27, 36, 615
1476, 2013/04/20, 18:39:38, 77, 290
1477, 2003/09/24, 2:2:4, 48, 191
1478, 2005/11/22, 8:0:42, 18, 703
1479, 2017/10/18, 12:1:23, 19, 814
1480, 2007/06/21, 22:9:44, 92, 881
1481, 2008/08/20, 6:32:54, 71, 157
1482, 2017/08/04, 16:38:27, 35, 811
1483, 2008/11/09, 15:47:47, 71, 118
1484, 2001/12/14, 21:26:11, 27, 447
1485, 2002/02/01, 7:57:22, 62, 213
1486, 2005/09/14, 18:37:5, 8, 982
1487, 2009/08/16, 18:54:25, 12, 844
1488, 2005/01/31, 7:53:40, 6, 935
1489, 2015/03/02, 21:40:4, 58, 540
1490, 2012/11/12, 6:8:38, 44, 948
1491, 2017/06/08, 6:22:1, 17, 770
1492, 2004/06/05, 7:17:2, 26, 166
1493, 2000/09/29, 21:27:37, 53, 203
1494, 2008/05/11, 9:37:32, 95, 387
1495, 2002/03/12, 9:30:37, 23, 976
1496, 2013/04/08, 16:55:17, 32, 955
1497, 2006/01/13, 5:34:20, 42, 984
1498, 2015/07/27, 1:13:60, 87, 922
1499, 2005/01/09, 13:50:1, 69, 224
1500, 2000/11/10, 17:2:19, 12, 403
1501, 2019/04/13, 2:21:2, 85, 528
1502, 2017/01/22, 0:20:17, 51, 424
1503, 2011/11/08, 11:39:1, 19, 831
1504, 2008/06/01, 6:20:39, 31, 405
1505, 2014/12/15, 17:6:23, 99, 528
1506, 2005/02/27, 2:57:27, 50, 843
1507, 2002/05/08, 11:25:55, 45, 64
1508, 2013/11/22, 18:30:42, 53, 569
1509, 2011/06/24, 2:41:8, 36, 530
1510, 2012/08/09, 3:9:41, 20, 605
1511, 2000/08/30, 7:21:15, 28, 366
1512, 2005/06/04, 22:57:60, 63, 154
1513, 2019/12/25, 15:29:28, 75, 446
1514, 2005/06/21, 9:5:51, 39, 611
1515, 2003/11/25, 13:25:37, 21, 411
1516, 2003/02/04, 0:16:1, 4, 266
1517, 2010/04/12, 8:10:27, 29, 500
1518, 2008/06/02, 0:37:58, 3, 208
1519, 2013/12/07, 3:46:15, 64, 179
1520, 2019/10/26, 11:49:25, 19, 242
1521, 2010/09/15, 0:50:32, 85, 573
1522, 2004/03/27, 24:1:18, 51, 176
1523, 2017/06/01, 8:20:6, 2, 42
1524, 2001/02/08, 21:21:17, 90, 431
1525, 2013/06/22, 22:0:4, 11, 231
1526, 2017/05/21, 14:22:56, 28, 503
1527, 2011/01/28, 0:29:20, 16, 468
1528, 2001/05/17, 9:29:6, 77, 622
1529, 2014/03/16, 21:42:51, 26, 863
1530, 2007/12/02, 15:42:33, 20, 170
1531, 2010/01/31, 10:5:22, 79, 825
1532, 2003/06/04, 17:26:28, 37, 913
1533, 2008/10/14, 15:50:29, 91, 312
1534, 2017/07/10, 17:1:17, 7, 146
1535, 2004/07/25, 19:18:45, 8, 200
1536, 2004/10/20, 9:15:22, 52, 846
1537, 2014/09/18, 2:8:3, 12, 775
1538, 2014/06/06, 6:44:40, 99, 474
1539, 2005/08/16, 23:39:51, 11, 994
1540, 2003/01/05, 1:30:4, 92, 780
1541, 2012/03/20, 15:32:38, 57, 667
1542, 2008/09/30, 13:59:57, 2, 869
1543, 2003/07/06, 23:8:8, 29, 965
1544, 2002/04/21, 11:14:40, 9, 499
1545, 2016/11/27, 15:11:24, 90, 254
1546, 2017/11/06, 20:2:11, 23, 293
1547, 2013/03/07, 15:26:40, 21, 917
1548, 2014/07/25, 16:23:18, 96, 738
1549, 2001/05/11, 24:11:34, 12, 774
1550, 2009/07/09, 19:18:40, 57, 505
1551, 2014/12/03, 5:9:14, 5, 944
1552, 2002/12/11, 6:9:60, 98, 334
1553, 2004/08/17, 11:40:48, 22, 560
1554, 2017/01/31, 16:48:5, 34, 324
1555, 2006/08/22, 16:41:49, 100, 300
1556, 2019/08/24, 17:2:45, 31, 144
1557, 2017/05/27, 9:54:7, 79, 838
1558, 2013/08/08, 8:21:31, 54, 1
1559, 2019/08/23, 8:15:57, 70, 998
1560, 2002/01/02, 14:29:29, 36, 666
1561, 2015/06/09, 14:37:20, 71, 827
1562, 2004/10/18, 1:18:40, 28, 662
1563, 2001/10/02, 7:27:31, 53, 643
1564, 2014/02/21, 17:40:15, 48, 965
1565, 2018/09/04, 15:44:60, 85, 224
1566, 2008/06/02, 23:25:46, 24, 853
1567, 2007/05/14, 4:2:56, 57, 218
1568, 2001/07/23, 15:59:28, 12, 973
1569, 2008/03/09, 12:49:57, 88, 844
1570, 2006/06/16, 4:7:49, 78, 100
1571, 2017/03/30, 19:49:23, 30, 840
1572, 2019/02/13, 3:10:37, 77, 697
1573, 2002/06/05, 19:1:37, 57, 556
1574, 2008/01/19, 9:60:44, 57, 975
1575, 2006/12/15, 22:33:40, 62, 445
1576, 2007/10/06, 9:45:47, 20, 537
1577, 2012/02/28, 13:54:33, 45, 630
1578, 2015/06/02, 14:6:30, 72, 215
1579, 2002/04/09, 1:2:25, 13, 205
1580, 2000/04/09, 22:58:60, 26, 363
1581, 2018/02/23, 0:37:31, 50, 69
1582, 2013/06/28, 22:14:26, 61, 468
1583, 2001/02/09, 9:27:1, 81, 774
1584, 2001/10/08, 6:55:33, 70, 637
1585, 2019/02/18, 0:51:38, 100, 776
1586, 2018/05/06, 8:22:58, 13, 742
1587, 2005/01/05, 24:13:8, 95, 893
1588, 2010/03/01, 8:28:51, 100, 102
1589, 2019/04/15, 4:43:52, 95, 542
1590, 2016/05/09, 6:3:30, 62, 326
1591, 2018/02/15, 22:21:20, 77, 680
1592, 2008/10/10, 13:32:31, 46, 32
1593, 2015/02/03, 2:56:32, 42, 536
1594, 2008/03/08, 21:43:57, 44, 971
1595, 2003/02/07, 8:14:13, 40, 637
1596, 2015/05/14, 9:44:28, 38, 274
1597, 2006/07/28, 12:60:47, 88, 558
1598, 2009/12/13, 13:32:8, 76, 479
1599, 2015/09/13, 15:30:45, 52, 587
1600, 2012/07/04, 20:24:24, 18, 871
1601, 2009/02/03, 6:37:23, 16, 901
1602, 2017/09/21, 15:58:41, 9, 427
1603, 2011/01/24, 3:31:12, 72, 964
1604, 2011/10/23, 8:58:51, 26, 907
1605, 2016/02/12, 16:56:27, 35, 252
1606, 2012/09/03, 14:53:54, 80, 29
1607, 2009/04/24, 18:41:48, 41, 596
1608, 2009/10/17, 15:11:22, 57, 786
1609, 2009/01/08, 12:8:42, 83, 347
1610, 2010/04/18, 6:59:18, 32, 565
1611, 2000/04/19, 15:2:16, 47, 893
1612, 2001/09/17, 6:5:58, 40, 894
1613, 2017/02/14, 16:24:9, 54, 137
1614, 2014/06/13, 0:53:45, 41, 306
1615, 2006/03/10, 2:7:4, 67, 744
1616, 2019/09/12, 6:14:13, 50, 190
1617, 2007/04/21, 0:27:41, 65, 857
1618, 2003/09/22, 20:9:30, 28, 127
1619, 2017/11/08, 24:42:22, 82, 815
1620, 2009/09/02, 14:15:39, 89, 508
1621, 2005/02/19, 2:10:51, 90, 526
1622, 2002/06/01, 9:51:16, 25, 402
1623, 2015/12/05, 0:54:8, 17, 31
1624, 2018/06/01, 17:0:4, 34, 846
1625, 2012/05/27, 7:34:30, 55, 70
1626, 2001/04/06, 8:54:42, 37, 568
1627, 2018/04/07, 2:19:55, 26, 837
1628, 2005/01/30, 1:37:28, 37, 133
1629, 2017/12/15, 24:24:30, 25, 432
1630, 2006/12/03, 22:26:7, 81, 480
1631, 2007/11/18, 16:43:13, 65, 76
1632, 2013/02/25, 0:14:4, 78, 210
1633, 2001/08/17, 13:19:19, 83, 893
1634, 2013/01/10, 3:29:52, 91, 536
1635, 2014/07/25, 16:40:11, 30, 50
1636, 2006/10/09, 12:60:2, 37, 46
1637, 2007/11/12, 4:56:53, 77, 701
1638, 2005/01/24, 9:36:38, 80, 174
1639, 2017/03/21, 15:28:33, 32, 13
1640, 2014/02/19, 1:6:30, 18, 387
1641, 2006/10/31, 16:46:8, 33, 558
1642, 2001/10/29, 14:50:7, 65, 942
1643, 2019/11/25, 5:54:8, 14, 97
1644, 2014/04/24, 5:48:48, 37, 190
1645, 2003/05/20, 11:46:16, 48, 803
1646, 2001/01/23, 15:36:29, 12, 592
1647, 2015/01/14, 11:3:17, 12, 567
1648, 2010/04/06, 20:23:17, 14, 74
1649, 2014/03/31, 5:40:27, 28, 367
1650, 2002/06/11, 23:23:27, 59, 961
1651, 2005/05/19, 22:28:7, 54, 813
1652, 2009/04/29, 11:23:52, 6, 109
1653, 2000/08/29, 8:58:57, 32, 766
1654, 2013/01/05, 1:48:59, 53, 632
1655, 2005/12/16, 15:13:12, 30, 67
1656, 2007/12/18, 14:15:0, 81, 881
1657, 2019/03/12, 10:38:55, 61, 803
1658, 2000/11/02, 14:6:14, 47, 546
1659, 2009/09/01, 9:4:29, 17, 566
1660, 2000/02/17, 21:57:28, 70, 846
1661, 2003/02/15, 6:25:20, 43, 423
1662, 2019/02/15, 0:29:59, 19, 835
1663, 2007/05/21, 4:4:10, 86, 717
1664, 2010/11/28, 24:35:23, 16, 542
1665, 2009/08/10, 15:1:60, 58, 273
1666, 2001/07/08, 8:3:3, 9, 304
1667, 2012/05/21, 4:7:18, 23, 382
1668, 2006/04/11, 18:18:56, 87, 500
1669, 2000/02/23, 18:36:24, 41, 738
1670, 2004/11/15, 9:55:30, 16, 727
1671, 2008/09/15, 21:33:5, 70, 298
1672, 2007/03/05, 15:30:0, 45, 794
1673, 2004/06/15, 1:59:46, 46, 501
1674, 2017/01/13, 20:19:5, 96, 656
1675, 2017/03/11, 11:3:14, 18, 391
1676, 2006/11/18, 14:0:7, 99, 856
1677, 2013/09/04, 1:56:23, 1, 240
1678, 2008/01/06, 4:43:20, 14, 467
1679, 2014/12/17, 0:6:50, 66, 720
1680, 2004/06/08, 14:50:16, 64, 818
1681, 2008/01/23, 24:37:36, 70, 589
1682, 2015/03/22, 16:6:17, 98, 763
1683, 2005/09/30, 23:58:17, 56, 216
1684, 2016/12/21, 6:48:19, 43, 791
1685, 2004/11/05, 5:52:39, 5, 60
1686, 2007/10/07, 3:51:13, 16, 610
1687, 2009/05/29, 4:8:38, 69, 616
1688, 2014/05/13, 12:32:51, 93, 965
1689, 2010/10/20, 5:60:59, 84, 670
1690, 2018/08/17, 1:43:38, 57, 472
1691, 2001/09/16, 19:48:55, 77, 536
1692, 2002/11/19, 0:52:24, 16, 93
1693, 2013/01/22, 3:8:7, 33, 722
1694, 2014/07/12, 11:42:50, 13, 866
1695, 2006/04/16, 13:49:6, 32, 965
1696, 2007/12/31, 0:34:23, 36, 47
1697, 2013/08/06, 24:12:10, 61, 313
1698, 2004/12/25, 7:38:4, 1, 113
1699, 2016/01/13, 1:15:7, 89, 831
1700, 2019/12/29, 8:14:6, 64, 483
1701, 2007/05/19, 19:51:46, 22, 517
1702, 2018/01/25, 1:46:27, 36, 198
1703, 2002/12/12, 21:39:1, 59, 564
1704, 2008/12/22, 5:17:14, 67, 611
1705, 2019/07/18, 15:30:58, 5, 698
1706, 2015/03/05, 23:49:51, 69, 91
1707, 2004/02/06, 5:47:29, 88, 357
1708, 2018/09/26, 1:43:18, 73, 566
1709, 2010/05/30, 22:1:36, 1, 939
1710, 2017/04/16, 20:33:42, 32, 192
1711, 2012/05/10, 13:47:41, 67, 637
1712, 2008/06/22, 20:36:0, 76, 201
1713, 2007/03/15, 2:7:53, 15, 307
1714, 2013/09/27, 4:55:60, 71, 499
1715, 2016/10/27, 5:55:2, 62, 135
1716, 2005/05/21, 0:12:5, 62, 440
1717, 2001/03/20, 5:3:36, 48, 610
1718, 2003/02/15, 9:13:7, 65, 951
1719, 2009/07/25, 17:13:26, 45, 348
1720, 2019/09/10, 24:56:1, 33, 78
1721, 2000/11/05, 3:59:16, 89, 866
1722, 2008/07/05, 2:1:7, 16, 375
1723, 2009/03/20, 22:29:53, 92, 914
1724, 2012/08/07, 17:52:8, 98, 625
1725, 2000/11/20, 17:31:13, 90, 10
1726, 2003/04/20, 15:54:52, 41, 355
1727, 2018/10/17, 13:58:50, 44, 456
1728, 2011/12/23, 9:44:59, 65, 425
1729, 2013/11/07, 18:9:49, 80, 361
1730, 2018/11/09, 13:53:20, 4, 768
1731, 2005/08/10, 15:60:50, 98, 665
1732, 2016/12/27, 17:50:49, 85, 394
1733, 2005/10/05, 21:1:1, 49, 651
1734, 2005/07/17, 8:36:30, 67, 640
1735, 2010/03/06, 6:42:19, 75, 820
1736, 2009/08/22, 14:52:26, 27, 960
1737, 2015/11/05, 16:50:2, 40, 23
1738, 2017/03/19, 17:49:47, 78, 499
1739, 2017/08/23, 20:54:27, 75, 16
1740, 2000/05/02, 18:37:37, 98, 579
1741, 2018/07/04, 13:14:40, 32, 549
1742, 2001/06/14, 14:29:43, 50, 267
1743, 2000/10/03, 7:29:27, 66, 142
1744, 2018/04/22, 8:53:56, 46, 112
1745, 2002/10/22, 6:9:59, 18, 958
1746, 2007/08/16, 17:9:37, 46, 204
1747, 2016/07/31, 8:11:50, 88, 515
1748, 2018/07/02, 5:15:35, 65, 47
1749, 2015/12/27, 18:33:12, 57, 366
1750, 2008/07/13, 11:46:13, 68, 981
1751, 2000/07/11, 1:43:47, 93, 433
1752, 2003/06/24, 21:44:44, 50, 204
1753, 2018/05/28, 19:29:57, 16, 398
1754, 2013/07/07, 5:41:16, 40, 383
1755, 2012/01/23, 11:34:43, 87, 416
1756, 2001/08/03, 24:7:3, 98, 977
1757, 2009/07/21, 3:28:32, 73, 397
1758, 2002/11/23, 22:12:43, 4, 637
1759, 2003/02/06, 18:38:52, 20, 534
1760, 2006/11/28, 15:38:40, 5, 419
1761, 2016/06/17, 14:2:4, 48, 993
1762, 2012/01/17, 23:1:37, 85, 662
1763, 2004/03/03, 13:8:44, 71, 515
1764, 2008/12/01, 18:52:5, 85, 219
1765, 2011/08/20, 4:26:2, 41, 328
1766, 2005/05/13, 4:4:19, 52, 432
1767, 2008/01/22, 4:5:41, 61, 348
1768, 2015/02/08, 22:41:6, 5, 775
1769, 2002/10/12, 17:50:51, 9, 191
1770, 2016/09/27, 14:24:8, 24, 771
1771, 2000/10/23, 10:14:21, 48, 963
1772, 2014/11/08, 3:40:20, 2, 358
1773, 2004/07/05, 0:43:37, 88, 222
1774, 2011/05/07, 23:10:12, 23, 979
1775, 2018/02/23, 10:45:41, 39, 388
1776, 2008/07/03, 8:18:33, 14, 474
1777, 2013/11/19, 24:23:30, 32, 106
1778, 2017/07/10, 10:58:20, 100, 669
1779, 2008/01/13, 20:33:51, 75, 400
1780, 2002/09/24, 3:20:9, 83, 227
1781, 2010/12/14, 11:51:51, 99, 524
1782, 2016/09/28, 13:23:3, 57, 645
1783, 2011/12/12, 10:55:21, 8, 582
1784, 2008/12/16, 6:26:38, 33, 401
1785, 2004/04/23, 7:45:56, 59, 787
1786, 2014/07/25, 0:4:12, 33, 55
1787, 2000/08/10, 9:8:48, 52, 890
1788, 2007/05/05, 14:26:6, 65, 108
1789, 2005/04/13, 21:32:23, 80, 763
1790, 2017/11/02, 17:25:34, 7, 642
1791, 2006/02/08, 3:10:60, 64, 820
1792, 2011/10/22, 8:57:27, 11, 661
1793, 2015/09/12, 4:22:6, 95, 497
1794, 2018/05/16, 10:16:40, 27, 776
1795, 2018/02/23, 17:15:51, 37, 716
1796, 2012/02/11, 24:15:20, 3, 334
1797, 2010/01/19, 11:49:23, 53, 836
1798, 2017/05/09, 13:50:49, 52, 540
1799, 2014/12/31, 3:15:41, 44, 394
1800, 2001/09/21, 13:50:27, 72, 639
1801, 2005/01/15, 5:26:47, 14, 474
1802, 2005/10/11, 11:59:57, 77, 92
1803, 2009/06/22, 19:3:46, 9, 729
1804, 2008/12/10, 17:45:30, 39, 52
1805, 2009/12/20, 3:38:31, 93, 344
1806, 2018/02/18, 20:51:12, 74, 52
1807, 2007/02/15, 22:46:13, 26, 538
1808, 2011/05/19, 15:15:50, 64, 837
1809, 2003/10/31, 19:57:11, 52, 198
1810, 2012/04/21, 4:2:33, 11, 920
1811, 2002/08/16, 11:36:54, 82, 805
1812, 2008/09/05, 19:23:11, 22, 904
1813, 2011/10/01, 17:3:49, 18, 282
1814, 2011/02/23, 21:51:46, 96, 146
1815, 2001/09/13, 18:37:23, 44, 715
1816, 2011/12/01, 17:1:16, 55, 151
1817, 2000/08/12, 22:53:27, 72, 376
1818, 2017/05/23, 22:10:52, 26, 632
1819, 2006/04/15, 15:49:14, 21, 485
1820, 2015/01/31, 2:14:41, 33, 177
1821, 2008/12/28, 6:28:21, 16, 679
1822, 2014/06/08, 7:19:37, 19, 105
1823, 2000/07/25, 0:46:1, 79, 966
1824, 2017/02/25, 0:51:39, 63, 894
1825, 2018/05/10, 10:24:23, 30, 740
1826, 2017/10/13, 0:57:53, 5, 516
1827, 2003/11/20, 5:9:23, 91, 174
1828, 2014/01/01, 14:8:8, 5, 215
1829, 2019/01/30, 21:11:4, 69, 272
1830, 2006/07/07, 20:38:2, 12, 473
1831, 2014/11/11, 3:60:40, 96, 786
1832, 2017/05/16, 15:11:40, 52, 508
1833, 2005/09/25, 13:21:13, 87, 709
1834, 2009/04/22, 3:0:29, 3, 917
1835, 2015/08/24, 10:60:45, 70, 133
1836, 2008/05/14, 18:44:18, 51, 697
1837, 2001/10/12, 0:43:38, 30, 793
1838, 2016/07/21, 20:11:18, 3, 80
1839, 2012/04/18, 9:8:12, 20, 997
1840, 2019/03/01, 12:15:38, 64, 663
1841, 2010/06/19, 13:3:58, 4, 800
1842, 2019/08/08, 22:55:48, 74, 78
1843, 2000/05/07, 16:46:44, 85, 598
1844, 2017/11/22, 10:25:41, 20, 8
1845, 2005/07/05, 13:41:49, 97, 441
1846, 2007/01/13, 18:21:2, 87, 659
1847, 2000/01/29, 10:40:8, 95, 140
1848, 2002/11/12, 23:59:41, 46, 648
1849, 2018/05/16, 17:57:13, 47, 483
1850, 2004/07/13, 1:32:57, 59, 738
1851, 2018/05/05, 16:7:8, 38, 522
1852, 2007/01/13, 9:8:31, 54, 270
1853, 2001/10/31, 4:0:15, 24, 750
1854, 2015/10/22, 21:44:14, 44, 387
1855, 2015/01/02, 16:29:55, 43, 593
1856, 2000/11/04, 4:51:0, 50, 672
1857, 2011/08/08, 15:47:54, 80, 607
1858, 2001/07/12, 18:12:5, 23, 884
1859, 2017/07/09, 20:27:38, 64, 308
1860, 2014/04/08, 17:7:37, 90, 206
1861, 2010/08/31, 21:39:1, 61, 708
1862, 2001/04/15, 1:46:38, 84, 339
1863, 2019/10/22, 13:3:28, 71, 635
1864, 2000/06/13, 22:59:29, 54, 224
1865, 2011/03/27, 7:12:46, 60, 300
1866, 2013/03/11, 16:53:40, 2, 378
1867, 2019/09/18, 22:19:24, 48, 990
1868, 2007/03/11, 9:59:4, 10, 487
1869, 2008/09/04, 9:50:54, 50, 284
1870, 2016/11/06, 2:11:17, 69, 344
1871, 2005/06/19, 18:10:39, 96, 926
1872, 2002/07/08, 24:34:24, 37, 53
1873, 2009/04/28, 17:38:12, 70, 474
1874, 2010/09/29, 24:20:54, 91, 348
1875, 2015/08/11, 21:12:57, 27, 897
1876, 2007/04/29, 1:31:55, 8, 862
1877, 2018/09/04, 10:21:36, 63, 122
1878, 2017/07/28, 1:59:56, 88, 356
1879, 2003/04/18, 0:42:50, 87, 365
1880, 2002/08/13, 9:1:12, 73, 960
1881, 2000/07/19, 18:43:26, 41, 609
1882, 2011/02/22, 11:0:7, 79, 231
1883, 2013/10/17, 3:34:23, 92, 356
1884, 2012/10/15, 17:24:27, 19, 786
1885, 2009/08/16, 21:14:0, 59, 634
1886, 2009/03/08, 19:46:13, 79, 964
1887, 2007/02/11, 12:32:34, 91, 886
1888, 2006/06/28, 24:26:55, 91, 427
1889, 2006/03/04, 0:39:35, 52, 537
1890, 2003/11/01, 5:24:46, 99, 787
1891, 2013/08/02, 19:27:6, 76, 951
1892, 2008/01/02, 19:8:26, 91, 896
1893, 2000/03/22, 6:12:49, 28, 725
1894, 2011/10/15, 19:20:49, 56, 403
1895, 2014/02/09, 2:15:9, 55, 881
1896, 2001/07/13, 21:52:22, 10, 565
1897, 2004/03/04, 0:24:34, 81, 455
1898, 2014/08/17, 12:3:36, 4, 991
1899, 2009/01/31, 10:39:23, 27, 109
1900, 2011/01/25, 0:37:4, 62, 182
1901, 2006/08/11, 3:32:2, 77, 193
1902, 2007/09/18, 5:7:55, 48, 60
1903, 2018/07/29, 20:39:58, 96, 470
1904, 2014/03/09, 23:24:46, 22, 796
1905, 2017/05/12, 22:51:15, 88, 200
1906, 2012/12/31, 6:49:5, 42, 389
1907, 2006/04/12, 9:21:15, 51, 181
1908, 2005/07/07, 10:36:29, 76, 774
1909, 2000/09/07, 23:52:25, 87, 280
1910, 2011/08/27, 23:55:24, 66, 618
1911, 2019/10/12, 0:10:38, 75, 507
1912, 2008/12/14, 14:3:59, 22, 615
1913, 2008/10/15, 24:0:43, 8, 499
1914, 2010/04/10, 8:30:45, 47, 701
1915, 2016/12/25, 23:56:18, 32, 450
1916, 2018/03/22, 23:40:9, 58, 218
1917, 2013/12/08, 13:3:2, 62, 33
1918, 2006/08/02, 15:7:14, 89, 606
1919, 2016/06/30, 9:9:0, 3, 56
1920, 2007/10/23, 24:37:51, 33, 201
1921, 2005/11/01, 11:15:51, 75, 945
1922, 2017/09/07, 4:31:44, 55, 199
1923, 2017/10/07, 9:7:41, 38, 780
1924, 2019/04/16, 3:30:50, 70, 622
1925, 2014/03/30, 22:0:30, 57, 486
1926, 2009/12/20, 1:6:54, 83, 521
1927, 2002/09/13, 19:11:14, 36, 805
1928, 2009/12/14, 16:26:42, 20, 665
1929, 2006/09/23, 7:6:44, 58, 576
1930, 2018/02/21, 17:56:2, 86, 215
1931, 2003/08/12, 10:13:1, 37, 228
1932, 2012/01/07, 4:30:53, 34, 80
1933, 2011/06/17, 22:54:40, 19, 872
1934, 2017/05/14, 4:26:7, 22, 506
1935, 2010/07/19, 14:44:16, 72, 771
1936, 2008/12/12, 6:51:58, 64, 502
1937, 2010/02/26, 11:19:25, 3, 321
1938, 2019/08/02, 7:9:28, 60, 663
1939, 2015/05/24, 5:2:2, 49, 877
1940, 2001/02/14, 15:34:6, 22, 876
1941, 2003/06/18, 14:2:52, 80, 367
1942, 2003/01/22, 15:11:60, 64, 669
1943, 2011/03/22, 13:26:44, 73, 211
1944, 2000/10/08, 3:26:39, 65, 7
1945, 2018/10/14, 8:54:48, 89, 475
1946, 2012/04/17, 0:35:32, 69, 384
1947, 2013/10/10, 12:59:21, 44, 667
1948, 2006/08/13, 23:7:56, 20, 480
1949, 2010/02/10, 21:26:40, 49, 620
1950, 2004/12/01, 0:9:43, 84, 366
1951, 2009/07/31, 9:30:48, 81, 355
1952, 2019/12/24, 13:48:4, 95, 861
1953, 2015/04/12, 9:24:2, 20, 901
1954, 2018/10/08, 17:4:40, 14, 746
1955, 2001/03/02, 16:18:17, 85, 170
1956, 2000/01/16, 7:52:7, 67, 516
1957, 2003/06/15, 8:53:20, 93, 799
1958, 2017/12/21, 16:29:32, 97, 43
1959, 2019/08/26, 1:47:48, 94, 542
1960, 2018/10/21, 2:5:54, 96, 357
1961, 2007/02/26, 3:19:44, 13, 485
1962, 2016/07/25, 1:28:3, 79, 961
1963, 2002/05/06, 3:29:0, 82, 736
1964, 2015/07/20, 12:34:38, 51, 184
1965, 2008/03/27, 17:39:40, 84, 64
1966, 2019/05/26, 11:59:31, 79, 162
1967, 2002/08/29, 17:35:56, 33, 853
1968, 2000/12/31, 3:36:25, 69, 457
1969, 2000/01/01, 5:47:5, 70, 687
1970, 2006/03/22, 14:27:41, 3, 398
1971, 2009/04/27, 2:25:48, 47, 851
1972, 2010/12/05, 16:4:5, 79, 85
1973, 2013/10/01, 2:34:50, 58, 209
1974, 2005/08/25, 3:37:5, 79, 791
1975, 2002/03/10, 14:19:37, 32, 388
1976, 2009/09/09, 3:11:24, 61, 369
1977, 2009/03/09, 16:9:5, 45, 328
1978, 2018/07/01, 4:39:8, 85, 97
1979, 2016/04/04, 7:31:10, 81, 289
1980, 2005/12/19, 13:33:47, 63, 571
1981, 2015/11/06, 23:4:19, 82, 385
1982, 2017/11/13, 18:4:31, 64, 22
1983, 2019/08/31, 19:24:8, 66, 609
1984, 2003/10/02, 15:22:2, 29, 441
1985, 2000/12/07, 2:55:53, 45, 782
1986, 2004/10/05, 11:35:3, 53, 516
1987, 2006/01/05, 8:29:17, 64, 820
1988, 2006/02/08, 24:33:38, 81, 507
1989, 2016/07/04, 23:32:5, 78, 789
1990, 2002/12/15, 7:36:16, 6, 289
1991, 2018/04/08, 2:9:53, 29, 801
1992, 2017/06/06, 1:31:48, 20, 31
1993, 2016/02/21, 19:11:17, 44, 917
1994, 2009/09/09, 20:59:19, 69, 78
1995, 2009/04/13, 4:56:35, 24, 497
1996, 2018/08/17, 16:15:4, 14, 473
1997, 2018/04/22, 9:56:42, 7, 159
1998, 2018/03/23, 15:26:59, 90, 684
1999, 2009/11/13, 6:0:29, 42, 324
2000, 2019/04/10, 23:36:40, 62, 474
